,matchday,date,h_team,a_team,result,goals,total_shots,shots_on_target,goals_on_penalty,total_penalties,completed_passings,total_passings,corners,percentage_possession,fouls,yellow_cards,red_cards
0,Giornata n. 1,2021-08-21,Hellas Verona,Sassuolo,P,-1.0,-4.0,-4.0,1.0,1.0,-199.0,-179.0,3.0,-20.0,-5.0,1.0,1.0
1,Giornata n. 1,2021-08-21,Inter,Genoa,V,4.0,7.0,4.0,0.0,0.0,198.0,200.0,6.0,18.0,11.0,-1.0,0.0
2,Giornata n. 1,2021-08-21,Torino,Atalanta,P,-1.0,14.0,5.0,0.0,0.0,-24.0,-49.0,4.0,-6.0,3.0,0.0,0.0
3,Giornata n. 1,2021-08-21,Empoli,Lazio,P,-2.0,10.0,1.0,-1.0,-1.0,-107.0,-93.0,2.0,-8.0,5.0,1.0,0.0
4,Giornata n. 1,2021-08-22,Udinese,Juventus,N,0.0,1.0,2.0,1.0,1.0,-117.0,-118.0,0.0,-12.0,-2.0,-2.0,0.0
5,Giornata n. 1,2021-08-22,Napoli,Venezia,V,2.0,3.0,-1.0,1.0,2.0,125.0,132.0,0.0,12.0,-19.0,-6.0,1.0
6,Giornata n. 1,2021-08-22,Bologna,Salernitana,V,1.0,9.0,4.0,-1.0,-1.0,355.0,355.0,5.0,44.0,-3.0,3.0,1.0
7,Giornata n. 1,2021-08-22,Roma,Fiorentina,V,2.0,0.0,-2.0,0.0,0.0,-164.0,-157.0,0.0,-16.0,-1.0,1.0,0.0
8,Giornata n. 1,2021-08-23,Sampdoria,Milan,P,-1.0,5.0,-1.0,0.0,0.0,-15.0,-10.0,5.0,-2.0,5.0,2.0,0.0
9,Giornata n. 1,2021-08-23,Cagliari,Spezia,N,0.0,7.0,2.0,1.0,1.0,134.0,163.0,7.0,18.0,-1.0,-1.0,0.0
10,Giornata n. 2,2021-08-27,Hellas Verona,Inter,P,-2.0,-3.0,-5.0,1.0,1.0,-281.0,-269.0,-1.0,-19.0,-8.0,2.0,1.0
11,Giornata n. 2,2021-08-27,Udinese,Venezia,V,2.0,3.0,1.0,1.0,1.0,-32.0,-21.0,1.0,0.0,-9.0,-6.0,0.0
12,Giornata n. 2,2021-08-28,Juventus,Empoli,P,1.0,-7.0,-1.0,0.0,0.0,70.0,55.0,-2.0,10.0,1.0,1.0,0.0
13,Giornata n. 2,2021-08-28,Lazio,Spezia,V,1.0,-5.0,-1.0,1.0,1.0,242.0,233.0,-1.0,13.0,-8.0,-2.0,0.0
14,Giornata n. 2,2021-08-28,Atalanta,Bologna,N,-1.0,-11.0,-5.0,0.0,0.0,-157.0,-126.0,-8.0,-19.0,3.0,-4.0,-2.0
15,Giornata n. 2,2021-08-28,Fiorentina,Torino,V,0.0,-10.0,1.0,0.0,0.0,194.0,151.0,-1.0,11.0,-3.0,0.0,1.0
16,Giornata n. 2,2021-08-29,Sassuolo,Sampdoria,N,3.0,2.0,4.0,0.0,0.0,147.0,108.0,-4.0,11.0,-5.0,-1.0,0.0
17,Giornata n. 2,2021-08-29,Genoa,Napoli,P,-2.0,-1.0,1.0,-1.0,-2.0,-155.0,-156.0,0.0,-15.0,3.0,1.0,-1.0
18,Giornata n. 2,2021-08-29,Milan,Cagliari,V,-1.0,-8.0,-2.0,-1.0,-1.0,-60.0,-77.0,-8.0,-8.0,-2.0,-1.0,0.0
19,Giornata n. 2,2021-08-29,Salernitana,Roma,P,-1.0,-2.0,-3.0,1.0,1.0,-204.0,-174.0,0.0,-14.0,1.0,0.0,0.0
20,Giornata n. 3,2021-09-11,Atalanta,Fiorentina,P,-0.5,4.5,-4.5,0.0,0.0,-24.5,18.0,-0.5,-2.5,-1.0,-1.0,-0.5
21,Giornata n. 3,2021-09-11,Empoli,Venezia,P,1.0,5.0,0.0,0.0,0.0,-83.0,-58.5,5.0,-3.5,-4.5,-2.5,0.0
22,Giornata n. 3,2021-09-11,Napoli,Juventus,V,1.0,-2.5,1.5,0.5,1.0,97.5,98.0,-2.0,3.5,-4.5,-0.5,0.5
23,Giornata n. 3,2021-09-12,Cagliari,Genoa,P,1.0,5.0,0.5,0.5,0.5,46.5,56.0,4.0,11.0,1.0,1.5,0.0
24,Giornata n. 3,2021-09-12,Spezia,Udinese,P,-1.0,-7.5,-4.5,-0.5,-0.5,-40.5,-43.0,-2.0,-4.5,0.5,1.0,0.5
25,Giornata n. 3,2021-09-12,Sampdoria,Inter,N,-3.5,-3.0,-5.5,0.0,0.0,-178.0,-159.5,1.0,-15.0,4.0,1.0,0.0
26,Giornata n. 3,2021-09-12,Roma,Sassuolo,V,2.0,1.0,1.5,0.0,0.0,-6.0,-4.0,1.0,-2.0,0.0,0.5,0.5
27,Giornata n. 3,2021-09-12,Milan,Lazio,V,-2.0,2.0,-2.0,0.0,-0.5,-163.5,-151.0,2.0,-3.5,3.5,0.5,0.0
28,Giornata n. 3,2021-09-12,Torino,Salernitana,V,0.0,6.0,2.5,-0.5,-0.5,148.0,143.0,1.5,18.5,9.5,1.0,-0.5
29,Giornata n. 3,2021-09-13,Bologna,Hellas Verona,V,0.0,0.0,2.0,-0.5,-0.5,110.0,140.5,0.5,15.0,2.0,3.0,0.5
30,Giornata n. 4,2021-09-17,Sassuolo,Torino,P,-0.6666666666666667,3.333333333333334,2.0,0.0,0.0,151.66666666666669,131.00000000000006,1.0,8.666666666666664,-7.6666666666666625,-0.6666666666666663,0.0
31,Giornata n. 4,2021-09-18,Inter,Bologna,V,1.6666666666666667,1.0,2.333333333333333,0.0,0.0,76.66666666666669,56.33333333333337,-1.333333333333334,2.666666666666657,0.0,-1.666666666666667,-0.6666666666666666
32,Giornata n. 4,2021-09-18,Genoa,Fiorentina,P,-0.3333333333333335,0.6666666666666661,-1.333333333333334,-0.6666666666666666,-0.6666666666666666,-55.0,-57.666666666666686,0.666666666666667,-11.666666666666664,-1.9999999999999982,-1.0,-0.3333333333333333
33,Giornata n. 4,2021-09-18,Salernitana,Atalanta,P,-0.33333333333333337,-6.333333333333333,-1.3333333333333333,0.0,0.0,-256.0,-265.33333333333337,-2.333333333333333,-25.33333333333333,0.0,-0.3333333333333335,0.3333333333333333
34,Giornata n. 4,2021-09-19,Lazio,Cagliari,N,1.3333333333333333,-0.6666666666666679,2.333333333333334,-0.3333333333333333,0.0,152.0,133.33333333333337,-2.6666666666666665,4.333333333333343,-1.0,-1.3333333333333333,0.0
35,Giornata n. 4,2021-09-19,Empoli,Sampdoria,P,0.33333333333333337,3.0000000000000018,1.666666666666667,0.3333333333333333,0.3333333333333333,82.0,80.66666666666669,1.333333333333333,7.666666666666657,-5.0,-0.666666666666667,0.0
36,Giornata n. 4,2021-09-19,Hellas Verona,Roma,V,-2.0,-10.0,-5.666666666666667,0.3333333333333333,0.3333333333333333,-152.0,-143.66666666666669,-1.0,-9.333333333333343,5.333333333333332,0.3333333333333335,0.0
37,Giornata n. 4,2021-09-19,Venezia,Spezia,P,-0.33333333333333337,-2.666666666666668,-0.3333333333333335,0.0,0.0,-5.333333333333314,-15.333333333333371,-1.333333333333333,-2.0,5.333333333333334,3.0,-0.3333333333333333
38,Giornata n. 4,2021-09-19,Juventus,Milan,N,-1.333333333333333,-3.666666666666666,0.3333333333333335,-0.3333333333333333,-0.6666666666666666,-46.333333333333314,-55.0,-1.333333333333333,-4.0,1.666666666666666,1.0,0.0
39,Giornata n. 4,2021-09-20,Udinese,Napoli,P,0.0,-2.666666666666666,0.33333333333333304,0.0,-0.3333333333333333,-190.99999999999994,-190.66666666666663,-1.666666666666667,-17.0,2.666666666666666,-0.33333333333333326,-0.3333333333333333
40,Giornata n. 5,2021-09-21,Fiorentina,Inter,P,-2.0,-4.75,-2.75,0.5,0.5,21.25,22.75,0.0,3.75,3.0,1.75,0.25
41,Giornata n. 5,2021-09-21,Bologna,Genoa,N,0.0,2.75,0.5,-0.25,-0.25,41.75,60.75,2.0,11.5,-0.75,1.0,0.5
42,Giornata n. 5,2021-09-21,Atalanta,Sassuolo,V,0.0,-2.5,-2.25,0.25,0.25,-22.5,5.5,-1.0,-0.5,2.5,1.75,0.0
43,Giornata n. 5,2021-09-22,Salernitana,Hellas Verona,N,-1.0,-1.0,-1.0,0.0,0.0,-126.25,-108.0,-0.75,-14.75,-1.0,-0.25,0.0
44,Giornata n. 5,2021-09-22,Cagliari,Empoli,P,1.0,-5.25,-0.75,0.25,0.25,-37.25,-46.0,-3.25,-7.75,2.75,0.75,0.25
45,Giornata n. 5,2021-09-22,Milan,Venezia,V,1.25,4.5,0.25,0.25,0.5,83.0,81.25,2.75,9.0,-3.5,-3.75,0.0
46,Giornata n. 5,2021-09-22,Spezia,Juventus,P,0.25,0.75,-0.5,0.0,0.0,5.5,24.5,1.0,1.0,-2.5,0.0,0.25
47,Giornata n. 5,2021-09-23,Torino,Lazio,N,-1.0,-0.25,-2.75,-0.25,-0.5,-237.75,-224.25,0.0,-11.0,8.75,1.25,0.0
48,Giornata n. 5,2021-09-23,Sampdoria,Napoli,P,-1.25,-3.0,-2.75,-0.25,-0.5,-251.5,-224.75,0.25,-15.5,4.25,1.0,-0.25
49,Giornata n. 5,2021-09-23,Roma,Udinese,V,1.25,5.5,0.75,-0.25,-0.25,73.75,86.0,2.25,11.25,-2.25,0.5,0.25
50,Giornata n. 6,2021-09-25,Genoa,Hellas Verona,N,-0.20000000000000018,-0.1999999999999993,0.3999999999999999,0.2,0.2,2.8000000000000114,-6.600000000000023,-1.5999999999999996,-7.600000000000001,-1.6000000000000014,0.0,-0.2
51,Giornata n. 6,2021-09-25,Inter,Atalanta,N,2.4000000000000004,2.4000000000000004,3.6,-0.2,-0.2,-13.0,-38.00000000000006,0.7999999999999998,-2.8000000000000043,-0.8000000000000007,-0.7999999999999998,0.0
52,Giornata n. 6,2021-09-25,Spezia,Milan,P,-0.6000000000000001,-3.1999999999999993,0.0,-0.2,-0.4,-105.39999999999998,-96.59999999999997,0.20000000000000018,-9.200000000000003,-1.1999999999999993,1.0,0.2
53,Giornata n. 6,2021-09-26,Napoli,Cagliari,V,1.4,5.0,4.2,-0.2,0.0,191.80000000000007,169.59999999999997,1.2000000000000002,13.399999999999999,-3.1999999999999993,-1.1999999999999997,0.0
54,Giornata n. 6,2021-09-26,Sassuolo,Salernitana,V,0.19999999999999996,4.200000000000001,2.4000000000000004,-0.2,-0.2,229.60000000000002,207.59999999999997,2.0,19.0,-2.4000000000000004,-1.2000000000000002,-0.2
55,Giornata n. 6,2021-09-26,Lazio,Roma,V,0.0,-3.8000000000000007,0.5999999999999996,0.4,0.6,104.60000000000002,106.0,-1.8000000000000007,5.600000000000001,-3.0,-0.8,-0.4
56,Giornata n. 6,2021-09-26,Empoli,Bologna,V,-0.3999999999999999,4.200000000000001,0.6000000000000001,0.0,0.0,-10.399999999999977,-5.800000000000011,1.3999999999999995,-0.7999999999999972,-1.6000000000000014,-1.6,-0.4
57,Giornata n. 6,2021-09-26,Udinese,Fiorentina,P,-0.40000000000000013,0.5999999999999996,-0.5999999999999996,-0.2,-0.2,-77.40000000000003,-81.80000000000001,-0.40000000000000036,-12.0,-2.8000000000000007,-1.6,-0.4
58,Giornata n. 6,2021-09-26,Juventus,Sampdoria,V,0.3999999999999999,0.8000000000000007,1.0,0.0,0.0,51.799999999999955,27.200000000000045,0.0,2.6000000000000014,-1.0,-1.0,0.0
59,Giornata n. 6,2021-09-27,Venezia,Torino,N,-1.0,-4.800000000000001,-1.2000000000000002,0.0,0.0,-4.599999999999966,-18.600000000000023,-2.1999999999999997,-6.600000000000001,-3.400000000000002,1.4000000000000004,0.0
60,Giornata n. 7,2021-10-01,Cagliari,Venezia,N,0.5000000000000001,1.333333333333334,-0.16666666666666696,0.1666666666666667,0.1666666666666667,21.666666666666686,30.333333333333314,1.833333333333334,2.166666666666657,-1.5,-1.1666666666666665,0.1666666666666666
61,Giornata n. 7,2021-10-02,Salernitana,Genoa,V,-1.0,0.8333333333333339,-1.0,-0.33333333333333337,-0.33333333333333337,-100.5,-82.5,1.5,-4.5,0.16666666666666785,-0.3333333333333335,0.1666666666666666
62,Giornata n. 7,2021-10-02,Sassuolo,Inter,P,-2.333333333333333,-1.3333333333333321,-2.166666666666666,0.0,-0.1666666666666666,43.333333333333314,47.833333333333314,0.0,4.833333333333343,-1.333333333333334,-0.4999999999999998,0.0
63,Giornata n. 7,2021-10-02,Torino,Juventus,P,-0.16666666666666674,-0.6666666666666661,-1.0,-0.1666666666666666,-0.1666666666666666,-37.5,-19.5,-1.666666666666666,0.1666666666666643,4.5,1.0,0.1666666666666666
64,Giornata n. 7,2021-10-03,Roma,Empoli,V,0.833333333333333,1.0,0.666666666666667,-0.1666666666666667,-0.1666666666666667,67.66666666666669,53.33333333333337,0.833333333333333,2.5,1.3333333333333321,0.833333333333333,0.3333333333333333
65,Giornata n. 7,2021-10-03,Bologna,Lazio,V,-1.0,1.166666666666666,-1.4999999999999996,-0.1666666666666667,-0.16666666666666669,-112.16666666666669,-102.33333333333331,2.166666666666667,-2.1666666666666643,3.166666666666666,1.4999999999999998,0.3333333333333333
66,Giornata n. 7,2021-10-03,Hellas Verona,Spezia,V,0.5,-1.666666666666666,0.16666666666666696,0.3333333333333333,0.3333333333333333,-4.5,4.333333333333314,-0.33333333333333304,4.333333333333343,3.166666666666666,0.8333333333333333,0.0
67,Giornata n. 7,2021-10-03,Fiorentina,Napoli,P,-1.1666666666666665,-6.333333333333334,-2.5,0.16666666666666669,0.0,-116.0,-108.5,-1.666666666666667,-5.666666666666664,4.166666666666666,1.4999999999999998,0.1666666666666667
68,Giornata n. 7,2021-10-03,Atalanta,Milan,P,-0.6666666666666667,-1.166666666666666,-0.16666666666666696,0.0,-0.1666666666666667,-45.0,-29.0,1.333333333333333,-3.5,0.3333333333333339,2.1666666666666665,0.0
69,Giornata n. 7,2021-10-03,Sampdoria,Udinese,N,0.16666666666666674,0.6666666666666679,-0.6666666666666665,-0.1666666666666666,-0.1666666666666666,-33.33333333333337,-11.333333333333371,1.0,3.166666666666657,2.166666666666668,0.9999999999999998,0.0
70,Giornata n. 8,2021-10-16,Spezia,Salernitana,V,0.4285714285714285,1.2857142857142865,0.8571428571428563,-0.1428571428571428,-0.1428571428571428,108.42857142857153,88.42857142857144,-0.5714285714285721,6.5714285714285765,-2.8571428571428577,-0.8571428571428579,0.1428571428571429
71,Giornata n. 8,2021-10-16,Lazio,Inter,V,-1.0,-3.857142857142856,-1.0,0.1428571428571429,0.1428571428571428,127.57142857142844,131.5714285714286,-1.9999999999999996,7.428571428571438,-2.571428571428571,0.1428571428571428,0.1428571428571428
72,Giornata n. 8,2021-10-16,Milan,Hellas Verona,V,0.0,6.142857142857142,0.7142857142857135,-0.1428571428571429,0.0,105.5714285714285,94.85714285714289,1.0000000000000009,6.714285714285715,-2.142857142857144,-0.9999999999999998,-0.1428571428571428
73,Giornata n. 8,2021-10-17,Napoli,Torino,V,1.2857142857142863,2.142857142857144,2.7142857142857153,0.2857142857142857,0.5714285714285714,192.14285714285717,168.1428571428571,1.2857142857142856,9.428571428571438,-9.285714285714286,-1.1428571428571432,0.0
74,Giornata n. 8,2021-10-17,Juventus,Roma,V,-0.7142857142857142,-3.428571428571427,-0.4285714285714288,0.0,0.0,-64.85714285714278,-64.14285714285711,-0.7142857142857144,-4.714285714285708,2.0,-0.8571428571428577,-0.2857142857142857
75,Giornata n. 8,2021-10-17,Genoa,Sassuolo,N,0.4285714285714286,-3.428571428571429,-1.7142857142857144,0.2857142857142857,0.2857142857142857,-110.42857142857144,-108.57142857142861,-1.8571428571428577,-12.428571428571416,2.857142857142856,0.8571428571428572,0.0
76,Giornata n. 8,2021-10-17,Empoli,Atalanta,P,-0.1428571428571428,1.0,0.5714285714285721,0.0,0.0,-62.28571428571428,-67.42857142857144,-0.5714285714285721,-5.571428571428562,-0.8571428571428577,-0.7142857142857144,0.0
77,Giornata n. 8,2021-10-17,Cagliari,Sampdoria,V,-0.2857142857142858,-1.5714285714285712,-1.1428571428571437,0.1428571428571429,0.1428571428571429,-5.0,-9.571428571428612,-1.2857142857142856,-4.285714285714299,-1.0,-0.4285714285714288,0.1428571428571428
78,Giornata n. 8,2021-10-17,Udinese,Bologna,N,-0.4285714285714284,-0.5714285714285712,1.1428571428571432,0.0,-0.1428571428571429,-35.142857142857224,-48.85714285714289,-0.7142857142857144,-9.0,0.4285714285714288,-1.0,-0.2857142857142857
79,Giornata n. 8,2021-10-18,Venezia,Fiorentina,V,-0.7142857142857143,-0.4285714285714288,-1.4285714285714288,-0.2857142857142857,-0.2857142857142857,-108.71428571428567,-104.71428571428578,-1.8571428571428568,-11.0,0.5714285714285694,0.7142857142857144,-0.2857142857142857
80,Giornata n. 9,2021-10-22,Sampdoria,Spezia,V,0.125,0.625,-0.125,0.125,0.125,-4.875,4.125,0.75,2.0,2.375,1.0,-0.25
81,Giornata n. 9,2021-10-22,Torino,Genoa,V,-0.375,1.875,0.25,-0.375,-0.375,14.625,24.25,0.125,5.875,6.125,0.25,0.125
82,Giornata n. 9,2021-10-23,Salernitana,Empoli,P,-0.5,-4.625,-1.5,-0.125,-0.125,-109.0,-96.875,-1.0,-8.5,3.0,0.375,0.125
83,Giornata n. 9,2021-10-23,Sassuolo,Venezia,V,0.375,4.875,2.375,0.0,0.0,107.0,104.5,2.125,12.375,-2.375,-1.375,0.0
84,Giornata n. 9,2021-10-23,Bologna,Milan,P,-0.625,-0.75,0.5,-0.125,-0.125,-20.25,-18.125,1.25,-0.875,-0.375,2.25,0.25
85,Giornata n. 9,2021-10-24,Hellas Verona,Lazio,V,-0.125,-3.625,-1.75,0.0,-0.125,-196.0,-182.625,-0.5,-8.75,4.25,0.25,-0.125
86,Giornata n. 9,2021-10-24,Roma,Napoli,N,-0.375,1.75,-1.0,-0.125,-0.375,-61.25,-56.75,1.375,-3.5,3.25,1.125,0.125
87,Giornata n. 9,2021-10-24,Inter,Juventus,N,1.375,2.125,1.25,0.125,0.25,14.375,15.25,0.375,0.625,-1.5,0.625,0.0
88,Giornata n. 9,2021-10-24,Atalanta,Udinese,N,0.5,3.125,-0.375,0.125,0.25,57.625,76.25,1.5,9.75,0.0,0.5,-0.125
89,Giornata n. 9,2021-10-24,Fiorentina,Cagliari,V,-0.125,-0.375,1.25,0.125,0.125,135.375,124.5,0.5,12.75,0.625,0.75,0.25
90,Giornata n. 10,2021-10-26,Venezia,Salernitana,P,-0.11111111111111105,-1.888888888888891,-0.5555555555555554,0.0,0.0,69.0,49.22222222222223,-2.0,1.0,0.33333333333333215,1.0,-0.1111111111111111
91,Giornata n. 10,2021-10-26,Milan,Torino,V,1.1111111111111114,1.4444444444444393,0.5555555555555558,0.2222222222222222,0.3333333333333333,95.88888888888891,80.88888888888886,0.4444444444444442,5.444444444444436,-6.777777777777777,-1.4444444444444444,-0.1111111111111111
92,Giornata n. 10,2021-10-26,Spezia,Genoa,N,-0.33333333333333326,0.8888888888888857,0.5555555555555554,-0.3333333333333333,-0.3333333333333333,62.666666666666686,64.88888888888886,1.5555555555555554,7.0,-3.2222222222222214,-1.222222222222222,0.2222222222222222
93,Giornata n. 10,2021-10-27,Udinese,Hellas Verona,N,-1.1111111111111107,2.111111111111109,0.33333333333333304,-0.2222222222222222,-0.2222222222222222,4.666666666666686,-12.777777777777771,0.7777777777777781,-5.6666666666666785,-2.0,-0.3333333333333335,0.0
94,Giornata n. 10,2021-10-27,Juventus,Sassuolo,P,0.11111111111111116,-0.7777777777777803,-0.8888888888888893,0.1111111111111111,0.1111111111111111,-63.22222222222223,-64.55555555555554,-0.22222222222222232,-7.222222222222221,2.7777777777777786,-0.11111111111111116,0.0
95,Giornata n. 10,2021-10-27,Lazio,Fiorentina,V,0.6666666666666667,0.777777777777775,1.2222222222222223,-0.1111111111111111,0.0,38.00000000000006,42.22222222222217,-0.5555555555555554,-0.6666666666666643,-1.4444444444444464,-0.666666666666667,-0.1111111111111111
96,Giornata n. 10,2021-10-27,Sampdoria,Atalanta,P,-0.22222222222222232,-2.5555555555555554,-0.666666666666667,-0.1111111111111111,-0.2222222222222222,-97.88888888888886,-94.88888888888886,-0.7777777777777777,-7.555555555555564,0.4444444444444393,0.11111111111111116,0.0
97,Giornata n. 10,2021-10-27,Empoli,Inter,P,-1.111111111111111,0.0,-1.1111111111111107,0.1111111111111111,0.0,-61.44444444444446,-51.0,-0.1111111111111116,-2.444444444444443,-1.6666666666666643,-0.22222222222222276,0.0
98,Giornata n. 10,2021-10-27,Cagliari,Roma,P,-0.5555555555555554,-6.555555555555554,-1.8888888888888888,0.1111111111111111,0.0,-112.77777777777783,-100.77777777777777,-2.5555555555555554,-10.111111111111107,0.5555555555555554,-0.5555555555555554,-0.1111111111111111
99,Giornata n. 10,2021-10-28,Napoli,Bologna,V,0.4444444444444444,0.7777777777777768,0.8888888888888893,0.1111111111111111,0.33333333333333337,115.0,105.22222222222223,-0.7777777777777777,6.0,-2.3333333333333304,-1.5555555555555554,-0.3333333333333333
100,Giornata n. 11,2021-10-30,Torino,Sampdoria,V,-0.19999999999999996,2.0999999999999996,0.40000000000000036,-0.1,-0.1,24.19999999999999,21.69999999999999,-1.0999999999999996,4.0,5.899999999999999,0.10000000000000009,0.1
101,Giornata n. 11,2021-10-30,Hellas Verona,Juventus,V,0.8000000000000003,-4.100000000000001,-0.39999999999999947,0.2,0.2,-50.80000000000001,-36.0,-1.0,-0.19999999999999574,-1.0,0.6000000000000001,0.1
102,Giornata n. 11,2021-10-30,Atalanta,Lazio,N,-0.19999999999999996,2.9000000000000004,-0.9000000000000004,-0.09999999999999998,-0.10000000000000003,-70.69999999999999,-57.80000000000007,1.7000000000000002,0.0,1.5,0.30000000000000027,-0.2
103,Giornata n. 11,2021-10-31,Fiorentina,Spezia,V,0.10000000000000009,-1.5,-0.19999999999999973,0.4,0.4,102.40000000000003,88.0,-0.39999999999999947,6.5,1.5,1.3,0.09999999999999998
104,Giornata n. 11,2021-10-31,Genoa,Venezia,N,0.7,2.5999999999999996,0.6000000000000001,0.30000000000000004,0.30000000000000004,-12.0,-4.0,0.7999999999999998,1.1000000000000014,-0.3999999999999986,-0.3999999999999999,-0.1
105,Giornata n. 11,2021-10-31,Salernitana,Napoli,P,-1.2000000000000002,-3.0,-1.9,-0.30000000000000004,-0.6,-244.29999999999995,-214.2,0.09999999999999964,-15.699999999999996,4.400000000000002,0.8,0.0
106,Giornata n. 11,2021-10-31,Inter,Udinese,V,1.4000000000000001,2.8999999999999986,1.2999999999999998,0.1,0.19999999999999998,96.60000000000002,98.30000000000001,0.7999999999999998,10.0,0.40000000000000036,0.5,-0.1
107,Giornata n. 11,2021-10-31,Roma,Milan,P,-0.4999999999999998,2.400000000000002,0.09999999999999964,-0.1,-0.09999999999999998,0.5,-4.600000000000023,2.8000000000000007,-1.5,0.1999999999999993,1.5000000000000002,0.2
108,Giornata n. 11,2021-10-31,Sassuolo,Empoli,P,0.0,-0.5999999999999996,1.1999999999999997,-0.19999999999999998,-0.19999999999999998,115.39999999999998,106.09999999999997,-0.39999999999999947,9.600000000000001,0.0,0.19999999999999973,-0.1
109,Giornata n. 11,2021-11-01,Bologna,Cagliari,V,0.30000000000000004,3.700000000000001,1.4000000000000004,-0.1,0.0,73.80000000000001,66.70000000000005,1.6000000000000005,8.200000000000003,-2.5999999999999996,0.5,0.30000000000000004
110,Giornata n. 12,2021-11-05,Empoli,Genoa,N,0.09090909090909105,1.8181818181818166,0.6363636363636362,0.0,0.0,1.818181818181813,-4.818181818181813,0.7272727272727266,-0.2727272727272734,-1.8181818181818166,-0.6363636363636367,0.0909090909090909
111,Giornata n. 12,2021-11-06,Cagliari,Atalanta,P,-0.7272727272727271,-5.0909090909090935,-1.181818181818182,0.0,-0.09090909090909091,-124.63636363636363,-132.45454545454544,-2.1818181818181825,-13.272727272727266,-0.5454545454545485,0.0,0.1818181818181818
112,Giornata n. 12,2021-11-06,Juventus,Fiorentina,V,-0.09090909090909105,0.9090909090909136,-0.2727272727272725,-0.2727272727272727,-0.2727272727272727,-60.90909090909088,-57.27272727272725,-0.7272727272727275,-5.545454545454547,2.1818181818181817,-1.0909090909090908,-0.2727272727272727
113,Giornata n. 12,2021-11-06,Spezia,Torino,V,-0.2727272727272727,-2.09090909090909,-0.27272727272727204,0.0,0.0,2.636363636363626,-4.272727272727252,1.1818181818181817,-2.4545454545454533,-6.999999999999998,-1.0909090909090913,0.0909090909090909
114,Giornata n. 12,2021-11-07,Udinese,Sassuolo,V,-0.2727272727272727,-1.5454545454545432,-0.6363636363636367,0.0,0.0,-127.18181818181819,-127.36363636363637,-0.18181818181818166,-14.454545454545453,0.09090909090909172,-0.4545454545454546,0.0909090909090909
115,Giornata n. 12,2021-11-07,Milan,Inter,N,-0.2727272727272725,-1.1818181818181817,-1.6363636363636367,0.09090909090909091,0.09090909090909088,-17.454545454545382,-15.181818181818073,-1.6363636363636367,1.0,-0.545454545454545,-0.18181818181818254,0.0909090909090909
116,Giornata n. 12,2021-11-07,Sampdoria,Bologna,P,-0.2727272727272727,-1.8181818181818183,-1.0,0.0,-0.0909090909090909,-82.81818181818181,-63.45454545454544,-0.2727272727272725,-5.181818181818187,2.3636363636363615,-0.09090909090909083,-0.2727272727272727
117,Giornata n. 12,2021-11-07,Venezia,Roma,V,-1.0,-9.181818181818182,-1.9090909090909087,0.0,-0.0909090909090909,-97.27272727272725,-89.90909090909093,-3.5454545454545467,-10.090909090909093,1.2727272727272734,0.09090909090909127,-0.0909090909090909
118,Giornata n. 12,2021-11-07,Lazio,Salernitana,V,1.0909090909090908,-0.36363636363636154,1.6363636363636362,0.18181818181818182,0.2727272727272727,219.72727272727275,202.45454545454544,-1.0,11.81818181818182,-1.7272727272727249,0.18181818181818166,0.0
119,Giornata n. 12,2021-11-07,Napoli,Hellas Verona,N,-0.09090909090909083,5.636363636363635,1.3636363636363642,0.0,0.27272727272727276,166.27272727272725,144.45454545454544,1.0909090909090913,9.545454545454547,-5.363636363636365,-0.9090909090909085,0.0909090909090909
120,Giornata n. 13,2021-11-20,Fiorentina,Milan,V,-0.8333333333333333,-2.166666666666666,0.08333333333333304,0.16666666666666669,0.08333333333333337,42.583333333333314,39.916666666666686,1.1666666666666665,1.9166666666666643,-0.08333333333333393,1.0833333333333335,0.25
121,Giornata n. 13,2021-11-20,Atalanta,Spezia,V,0.75,3.666666666666668,0.75,0.1666666666666666,0.25,93.91666666666663,97.99999999999994,1.0,7.416666666666657,0.4166666666666661,0.4999999999999998,-0.1666666666666666
122,Giornata n. 13,2021-11-20,Lazio,Juventus,P,0.7499999999999998,-1.75,0.916666666666667,0.0833333333333334,0.1666666666666667,105.91666666666663,106.16666666666663,-0.41666666666666696,4.333333333333343,-3.166666666666666,0.33333333333333304,0.1666666666666666
123,Giornata n. 13,2021-11-21,Sassuolo,Cagliari,N,0.3333333333333335,3.916666666666666,2.416666666666667,-0.0833333333333333,-0.0833333333333333,135.91666666666669,127.91666666666663,1.333333333333333,14.083333333333336,0.25,0.16666666666666652,-0.1666666666666666
124,Giornata n. 13,2021-11-21,Inter,Napoli,V,0.4166666666666665,-0.25,0.3333333333333339,-0.08333333333333331,-0.16666666666666669,-85.0,-77.91666666666663,1.083333333333333,-6.333333333333336,2.416666666666668,0.4166666666666665,-0.1666666666666666
125,Giornata n. 13,2021-11-21,Genoa,Roma,P,-0.33333333333333326,-6.333333333333329,-1.25,0.33333333333333337,0.2500000000000001,-95.75,-78.16666666666663,-2.416666666666666,-7.5,1.083333333333334,-0.25,-0.1666666666666666
126,Giornata n. 13,2021-11-21,Bologna,Venezia,P,0.6666666666666666,4.083333333333332,1.416666666666667,-0.0833333333333333,0.0,83.16666666666663,83.08333333333337,2.083333333333333,8.916666666666664,-3.7499999999999982,-0.3333333333333335,0.25
127,Giornata n. 13,2021-11-21,Salernitana,Sampdoria,P,-0.41666666666666663,0.08333333333333393,-0.16666666666666652,0.0,0.0,-30.666666666666686,-37.25,-0.5833333333333339,-3.5,0.5,-0.833333333333333,0.0833333333333333
128,Giornata n. 13,2021-11-22,Torino,Udinese,V,0.0,1.5,-0.666666666666667,-0.0833333333333333,-0.0833333333333333,52.333333333333314,70.5,-0.4166666666666665,11.666666666666664,6.000000000000002,0.75,-0.0833333333333333
129,Giornata n. 13,2021-11-22,Hellas Verona,Empoli,V,0.583333333333333,-4.0,0.0,0.0,0.0,18.91666666666663,20.333333333333314,-1.666666666666667,2.833333333333343,3.25,1.0,0.16666666666666669
130,Giornata n. 14,2021-11-26,Cagliari,Salernitana,N,0.38461538461538425,-2.153846153846155,-0.3846153846153846,0.1538461538461538,0.1538461538461538,21.692307692307736,11.769230769230774,-1.615384615384615,-1.46153846153846,-0.7692307692307683,0.3076923076923075,0.0
131,Giornata n. 14,2021-11-27,Sampdoria,Hellas Verona,V,-0.7692307692307694,0.5384615384615383,-0.3846153846153846,-0.2307692307692308,-0.2307692307692308,-36.61538461538464,-27.0,1.6153846153846154,-3.6153846153846203,-1.0769230769230784,0.23076923076923084,-0.1538461538461538
132,Giornata n. 14,2021-11-27,Venezia,Inter,P,-1.5384615384615383,-6.23076923076923,-2.1538461538461537,-0.1538461538461539,-0.3076923076923077,-105.61538461538464,-103.15384615384613,-2.615384615384615,-10.461538461538467,1.0769230769230749,0.9230769230769234,0.0769230769230769
133,Giornata n. 14,2021-11-27,Empoli,Fiorentina,V,-0.07692307692307665,1.46153846153846,-0.46153846153846123,-0.07692307692307687,-0.07692307692307687,-123.92307692307685,-109.30769230769226,0.0,-8.92307692307692,0.07692307692307665,-0.9230769230769229,-0.2307692307692308
134,Giornata n. 14,2021-11-27,Juventus,Atalanta,P,-0.6923076923076925,-2.1538461538461533,-0.6153846153846154,0.07692307692307701,0.0,-47.461538461538396,-61.076923076923094,-1.2307692307692308,-5.615384615384613,2.0769230769230766,-0.46153846153846145,0.0
135,Giornata n. 14,2021-11-28,Udinese,Genoa,N,-0.07692307692307687,1.153846153846155,1.1538461538461542,-0.3076923076923077,-0.3076923076923077,-6.538461538461547,-20.3846153846153,0.07692307692307665,-4.07692307692308,-1.0,-0.6923076923076921,0.1538461538461538
136,Giornata n. 14,2021-11-28,Spezia,Bologna,P,-0.30769230769230815,-2.4615384615384617,-0.7692307692307692,-0.0769230769230769,-0.1538461538461538,-54.153846153846075,-47.30769230769238,-1.2307692307692308,-3.615384615384613,2.076923076923075,-0.6923076923076925,-0.1538461538461539
137,Giornata n. 14,2021-11-28,Milan,Sassuolo,P,0.7692307692307692,0.6153846153846168,-0.6923076923076916,0.0769230769230769,0.1538461538461539,-36.46153846153845,-34.615384615384585,-0.8461538461538467,-2.3076923076923137,-0.3076923076923084,-0.4615384615384617,0.0769230769230769
138,Giornata n. 14,2021-11-28,Napoli,Lazio,V,0.07692307692307687,3.3076923076923084,0.07692307692307754,0.07692307692307701,0.23076923076923073,-6.230769230769226,-13.692307692307736,0.4615384615384621,3.6923076923076934,-0.5384615384615383,-0.5384615384615381,0.0
139,Giornata n. 14,2021-11-28,Roma,Torino,V,0.46153846153846145,4.923076923076923,1.0769230769230766,0.0769230769230769,0.1538461538461538,58.69230769230768,40.230769230769226,3.1538461538461537,1.46153846153846,-5.23076923076923,0.30769230769230793,0.0769230769230769
140,Giornata n. 15,2021-11-30,Atalanta,Venezia,V,1.1428571428571428,6.071428571428571,1.3571428571428572,0.0714285714285714,0.1428571428571429,119.21428571428578,131.3571428571429,2.3571428571428568,12.857142857142861,-0.7142857142857135,-0.5714285714285707,-0.0714285714285714
141,Giornata n. 15,2021-11-30,Fiorentina,Sampdoria,V,0.0714285714285714,0.7142857142857135,0.7857142857142847,0.2857142857142857,0.2857142857142857,132.9285714285714,108.14285714285717,0.14285714285714235,8.857142857142854,-1.7857142857142865,-0.2857142857142856,0.2142857142857143
142,Giornata n. 15,2021-11-30,Hellas Verona,Cagliari,N,0.8571428571428572,0.7857142857142865,1.1428571428571428,0.07142857142857151,0.07142857142857151,35.28571428571428,39.35714285714283,-0.3571428571428572,7.0714285714285765,2.071428571428573,0.28571428571428603,0.0714285714285714
143,Giornata n. 15,2021-11-30,Salernitana,Juventus,P,-0.5000000000000001,-1.928571428571427,-0.8571428571428572,-0.2142857142857143,-0.2142857142857143,-118.42857142857144,-101.21428571428584,0.9285714285714288,-7.285714285714292,-1.6428571428571406,-0.07142857142857206,0.1428571428571428
144,Giornata n. 15,2021-12-01,Sassuolo,Napoli,N,-0.5714285714285714,-1.1428571428571423,-0.07142857142857206,-0.1428571428571429,-0.3571428571428572,-77.57142857142861,-70.07142857142856,0.8571428571428568,-3.2857142857142847,1.6428571428571441,0.5714285714285716,-0.1428571428571428
145,Giornata n. 15,2021-12-01,Bologna,Roma,V,-0.2857142857142856,-3.9999999999999982,-0.07142857142857206,0.0714285714285714,0.0714285714285714,6.5,12.71428571428578,-0.5,0.5,-3.0,-0.42857142857142794,0.1428571428571429
146,Giornata n. 15,2021-12-01,Genoa,Milan,P,-0.9285714285714286,-3.142857142857144,-0.7857142857142856,0.1428571428571429,0.0714285714285714,-78.35714285714278,-64.71428571428555,-0.07142857142857117,-7.285714285714299,1.5,0.8571428571428572,-0.1428571428571428
147,Giornata n. 15,2021-12-01,Inter,Spezia,V,1.357142857142857,4.2857142857142865,1.7857142857142856,0.3571428571428571,0.5,69.14285714285722,57.21428571428572,1.0,3.9285714285714164,0.0,0.07142857142857073,-0.1428571428571428
148,Giornata n. 15,2021-12-02,Torino,Empoli,N,-0.2857142857142858,0.4285714285714288,-0.2857142857142856,-0.2857142857142857,-0.2857142857142857,52.142857142857224,57.07142857142867,-1.0,7.142857142857153,5.857142857142856,0.6428571428571428,0.0
149,Giornata n. 15,2021-12-02,Lazio,Udinese,N,0.642857142857143,-1.7857142857142865,0.07142857142857206,0.1428571428571428,0.2142857142857143,188.78571428571416,186.8571428571429,-0.9285714285714284,12.357142857142861,-2.2857142857142847,0.2142857142857144,0.0
150,Giornata n. 16,2021-12-04,Milan,Salernitana,V,1.4666666666666668,3.799999999999999,1.333333333333333,0.13333333333333341,0.2,131.4666666666667,116.80000000000001,-0.7999999999999998,11.599999999999994,-0.20000000000000107,0.13333333333333375,0.0
151,Giornata n. 16,2021-12-04,Roma,Inter,P,-0.7999999999999998,0.8666666666666671,-1.3999999999999995,-0.3333333333333334,-0.4,-24.133333333333383,-23.19999999999999,0.2666666666666666,-0.4000000000000128,0.6000000000000014,1.0,0.1333333333333333
152,Giornata n. 16,2021-12-04,Napoli,Atalanta,P,0.0,-0.40000000000000213,0.4666666666666659,0.0666666666666666,0.20000000000000007,69.06666666666666,49.46666666666658,-1.1333333333333329,3.6000000000000014,-1.6666666666666679,-0.5333333333333332,0.1333333333333333
153,Giornata n. 16,2021-12-05,Venezia,Hellas Verona,P,-1.0666666666666667,-2.5999999999999996,-0.9333333333333331,-0.1333333333333333,-0.1333333333333333,-42.26666666666665,-54.80000000000007,-1.0666666666666669,-9.533333333333339,-1.1333333333333329,0.2666666666666666,-0.13333333333333341
154,Giornata n. 16,2021-12-05,Spezia,Sassuolo,N,-0.6000000000000001,-2.2666666666666693,-1.2000000000000002,-0.1333333333333333,-0.1333333333333333,-88.73333333333329,-77.59999999999997,-0.40000000000000036,-7.733333333333341,0.2666666666666675,-0.46666666666666634,0.1333333333333333
155,Giornata n. 16,2021-12-05,Sampdoria,Lazio,P,-0.5333333333333332,0.20000000000000107,-0.8666666666666667,-0.13333333333333341,-0.2,-198.0,-174.53333333333342,1.0666666666666669,-9.200000000000003,2.4000000000000004,0.6000000000000001,-0.13333333333333341
156,Giornata n. 16,2021-12-05,Bologna,Fiorentina,P,-0.20000000000000018,1.0,-0.2666666666666666,-0.2,-0.1333333333333333,-36.39999999999998,-29.599999999999966,1.0666666666666664,-2.799999999999997,-1.3333333333333321,-0.06666666666666643,0.0
157,Giornata n. 16,2021-12-05,Juventus,Genoa,V,0.19999999999999996,2.2666666666666693,0.7999999999999998,-0.06666666666666671,0.0,98.0,84.13333333333344,0.2666666666666666,6.133333333333333,0.13333333333333286,-0.9333333333333331,0.0
158,Giornata n. 16,2021-12-06,Cagliari,Torino,N,-0.19999999999999973,-3.466666666666667,-0.8000000000000003,0.2,0.2,-61.73333333333329,-67.66666666666669,-0.3999999999999999,-10.333333333333321,-4.86666666666666,-0.1333333333333333,0.0
159,Giornata n. 16,2021-12-06,Empoli,Udinese,V,0.20000000000000018,0.9333333333333318,-0.5333333333333341,0.2,0.2,13.599999999999966,26.866666666666617,0.9333333333333336,5.866666666666667,-0.9333333333333318,-0.3999999999999999,-0.2
160,Giornata n. 17,2021-12-10,Genoa,Sampdoria,P,-0.3125,-1.25,-0.6875,0.25,0.25,12.0625,1.25,-1.25,-0.375,-0.1875,-0.375,-0.0625
161,Giornata n. 17,2021-12-11,Udinese,Milan,N,-0.875,-1.875,0.375,-0.125,-0.1875,-117.0625,-117.3125,0.125,-13.5,1.3125,0.5,0.125
162,Giornata n. 17,2021-12-11,Fiorentina,Salernitana,V,1.0,1.375,1.6875,0.3125,0.3125,170.0,154.0,-0.4375,13.8125,-1.1875,0.75,0.125
163,Giornata n. 17,2021-12-11,Venezia,Juventus,N,-0.4375,-5.75,-1.375,-0.125,-0.1875,-128.9375,-126.0,-1.5,-11.375,-0.75,0.875,0.125
164,Giornata n. 17,2021-12-12,Napoli,Empoli,P,0.5,0.3125,0.6875,0.0,0.1875,176.5,156.4375,-1.5625,10.4375,-1.0,-0.3125,0.0625
165,Giornata n. 17,2021-12-12,Hellas Verona,Atalanta,P,-0.1875,-3.9375,-0.5625,0.125,0.0625,-76.8125,-73.4375,-1.25,-2.625,1.3125,0.25,0.1875
166,Giornata n. 17,2021-12-12,Sassuolo,Lazio,V,-0.375,3.0625,0.5,-0.0625,-0.125,-54.1875,-56.3125,1.3125,1.6875,0.8125,0.0,-0.25
167,Giornata n. 17,2021-12-12,Inter,Cagliari,V,1.375,5.75,3.125,0.1875,0.3125,150.3125,133.75,2.25,10.9375,-0.125,-0.375,-0.125
168,Giornata n. 17,2021-12-12,Torino,Bologna,V,-0.1875,0.25,-0.75,-0.125,-0.1875,-38.125,-25.0,-1.6875,1.25,8.0,0.0,-0.125
169,Giornata n. 17,2021-12-13,Roma,Spezia,V,0.4375,6.0,0.4375,0.0625,0.125,61.4375,50.0625,1.875,4.625,0.6875,0.875,0.0
170,Giornata n. 18,2021-12-17,Lazio,Genoa,V,0.8823529411764708,-0.05882352941176627,1.4117647058823524,-0.11764705882352938,-0.05882352941176469,168.52941176470586,154.0588235294117,-0.6470588235294112,7.941176470588246,-2.470588235294116,-0.23529411764705888,0.2352941176470588
171,Giornata n. 18,2021-12-17,Salernitana,Inter,P,-1.8823529411764706,-6.117647058823529,-3.3529411764705883,-0.2941176470588235,-0.47058823529411764,-192.94117647058823,-176.41176470588238,-1.1176470588235299,-14.235294117647058,0.5294117647058787,-0.05882352941176516,0.1176470588235294
172,Giornata n. 18,2021-12-18,Cagliari,Udinese,P,-0.2941176470588236,-2.8235294117647065,-2.1176470588235294,0.11764705882352941,0.11764705882352941,-11.41176470588232,-0.35294117647055145,-1.1764705882352944,0.882352941176471,-1.6470588235294112,-0.11764705882352944,-0.1764705882352941
173,Giornata n. 18,2021-12-18,Atalanta,Roma,P,0.6470588235294117,-1.529411764705884,0.35294117647058876,0.11764705882352941,0.1176470588235294,20.35294117647061,35.76470588235293,-1.0588235294117645,2.294117647058812,0.0,-0.7647058823529407,-0.1764705882352941
174,Giornata n. 18,2021-12-18,Bologna,Juventus,P,0.05882352941176472,-1.9411764705882355,-0.41176470588235237,-0.05882352941176469,-0.05882352941176469,-51.35294117647061,-46.82352941176475,0.5882352941176467,-2.588235294117638,-3.529411764705884,0.6470588235294121,0.2352941176470588
175,Giornata n. 18,2021-12-19,Milan,Napoli,P,0.117647058823529,-0.588235294117645,-0.8235294117647065,-0.05882352941176469,-0.17647058823529413,-72.23529411764713,-63.70588235294122,0.11764705882352988,-2.764705882352942,1.0,0.23529411764705888,0.0
176,Giornata n. 18,2021-12-19,Fiorentina,Sassuolo,N,0.17647058823529393,-1.8235294117647065,-0.41176470588235237,0.23529411764705882,0.23529411764705882,5.882352941176521,6.4117647058823195,-0.5294117647058822,0.058823529411760944,-0.35294117647059053,0.11764705882352944,0.1764705882352941
177,Giornata n. 18,2021-12-19,Spezia,Empoli,N,-0.588235294117647,-3.2352941176470544,-0.47058823529411775,-0.2352941176470588,-0.2352941176470588,17.35294117647061,13.823529411764639,-1.2352941176470589,-0.41176470588235503,-0.47058823529411775,0.0,0.0588235294117647
178,Giornata n. 18,2021-12-19,Torino,Hellas Verona,V,-0.6470588235294119,1.6470588235294095,-0.2941176470588238,-0.2941176470588235,-0.2941176470588235,-1.4117647058823195,-1.7058823529412166,-0.23529411764705888,0.4705882352941302,3.4117647058823586,-0.05882352941176494,-0.058823529411764705
179,Giornata n. 18,2021-12-19,Sampdoria,Venezia,N,0.5294117647058826,3.0588235294117663,0.5882352941176472,-0.0588235294117647,-0.0588235294117647,-4.117647058823536,18.117647058823593,2.176470588235294,3.64705882352942,0.23529411764705976,0.117647058823529,-0.0588235294117647
180,Giornata n. 19,2021-12-21,Juventus,Cagliari,V,0.4444444444444444,4.5,2.1666666666666665,0.05555555555555561,0.11111111111111119,137.55555555555554,125.94444444444446,1.055555555555555,10.5,1.8333333333333375,-0.44444444444444464,-0.1666666666666666
181,Giornata n. 19,2021-12-21,Genoa,Atalanta,N,-1.0555555555555556,-5.111111111111114,-1.8333333333333335,0.11111111111111119,0.05555555555555558,-105.5,-105.33333333333331,-1.666666666666667,-9.222222222222221,0.4444444444444464,0.5,0.0
182,Giornata n. 19,2021-12-22,Venezia,Lazio,P,-1.0555555555555556,-1.5555555555555554,-1.3333333333333335,-0.0555555555555555,-0.1111111111111111,-183.94444444444446,-180.33333333333337,-0.7222222222222228,-11.333333333333343,3.0555555555555607,0.5,-0.1111111111111111
183,Giornata n. 19,2021-12-22,Roma,Sampdoria,N,0.22222222222222232,4.055555555555559,0.3888888888888884,0.0,0.05555555555555561,87.94444444444446,60.166666666666686,1.166666666666666,4.555555555555557,-0.3333333333333339,0.05555555555555536,0.1111111111111111
184,Giornata n. 19,2021-12-22,Napoli,Spezia,P,0.9444444444444444,4.444444444444439,1.1111111111111112,0.2222222222222222,0.3888888888888889,163.61111111111114,151.1111111111111,0.2777777777777777,11.777777777777779,-0.9444444444444446,-0.38888888888888884,0.0
185,Giornata n. 19,2021-12-22,Sassuolo,Bologna,P,0.3333333333333335,1.111111111111109,0.8888888888888893,-0.0555555555555555,-0.1111111111111111,48.666666666666686,41.00000000000006,-0.5,4.0,1.6111111111111143,0.0,-0.1666666666666667
186,Giornata n. 19,2021-12-22,Inter,Torino,V,1.3888888888888888,3.888888888888891,2.833333333333333,0.3333333333333333,0.5,109.27777777777777,87.61111111111114,2.333333333333334,2.7222222222222143,-5.72222222222222,-0.5555555555555556,-0.1111111111111111
187,Giornata n. 19,2021-12-22,Empoli,Milan,P,-0.4444444444444444,-0.1666666666666643,0.3888888888888884,0.05555555555555561,0.0,-94.11111111111114,-85.88888888888891,0.8888888888888884,-6.7777777777777715,0.05555555555555358,0.22222222222222232,-0.05555555555555561
188,Giornata n. 19,2021-12-22,Hellas Verona,Fiorentina,N,0.0,-1.2222222222222232,-0.9999999999999996,-0.055555555555555525,-0.055555555555555525,-110.72222222222223,-91.0,-0.6111111111111107,-5.555555555555557,2.9444444444444464,0.0,-0.05555555555555558
189,Giornata n. 20,2022-01-06,Lazio,Empoli,N,0.4736842105263157,-4.210526315789471,0.05263157894736814,-0.10526315789473689,-0.0526315789473685,155.9473684210526,143.5263157894737,-2.0526315789473686,4.789473684210527,-1.8421052631578938,0.3684210526315792,0.1578947368421052
190,Giornata n. 20,2022-01-06,Sampdoria,Cagliari,P,0.526315789473684,2.3157894736842106,1.3684210526315792,-0.10526315789473681,-0.10526315789473681,12.421052631578902,25.315789473684163,1.3684210526315796,3.421052631578945,0.7368421052631557,0.5789473684210527,-0.10526315789473681
191,Giornata n. 20,2022-01-06,Milan,Roma,V,0.4736842105263157,-1.3157894736842088,-0.1578947368421053,0.10526315789473681,0.1052631578947368,26.0,30.315789473684106,-1.6842105263157894,4.105263157894733,-0.2631578947368389,-1.0526315789473684,-0.052631578947368404
192,Giornata n. 20,2022-01-06,Sassuolo,Genoa,N,0.5789473684210529,3.947368421052632,2.263157894736842,-0.1578947368421053,-0.1578947368421053,123.42105263157896,105.89473684210526,1.0,10.736842105263158,-1.3684210526315788,-0.2105263157894739,0.0526315789473684
193,Giornata n. 20,2022-01-06,Juventus,Napoli,N,-0.42105263157894757,-1.3684210526315788,-0.10526315789473806,0.0,-0.10526315789473684,-61.99999999999994,-56.63157894736844,-0.1578947368421053,-4.736842105263165,2.473684210526317,0.10526315789473673,-0.1052631578947368
194,Giornata n. 20,2022-01-06,Spezia,Hellas Verona,P,-0.7894736842105263,-0.7368421052631611,-0.3157894736842102,-0.2631578947368421,-0.2631578947368421,-8.68421052631578,-20.736842105263122,0.2631578947368416,-4.526315789473685,-1.3157894736842088,-0.36842105263157876,-0.1052631578947368
195,Giornata n. 21,2022-01-09,Roma,Juventus,P,0.20000000000000018,1.0999999999999996,-0.35000000000000053,-0.15000000000000002,-0.15,-48.799999999999955,-49.49999999999994,1.75,-2.9499999999999957,-0.8499999999999996,1.25,0.25
196,Giornata n. 21,2022-01-09,Napoli,Sampdoria,V,0.40000000000000013,4.199999999999999,1.0,0.15000000000000002,0.3,192.3,162.34999999999997,0.25,12.350000000000001,-1.5,-1.2000000000000002,0.0
197,Giornata n. 21,2022-01-09,Udinese,Atalanta,P,-0.5555555555555556,-2.5321637426900594,0.09064327485380108,-0.1023391812865497,-0.1549707602339181,-133.94736842105272,-150.18713450292398,-1.233918128654972,-14.19883040935673,1.154970760233919,0.23391812865497075,0.2777777777777778
198,Giornata n. 21,2022-01-09,Venezia,Milan,P,-1.2026315789473683,-5.947368421052632,-1.0999999999999996,-0.09473684210526322,-0.1947368421052632,-101.56842105263155,-102.22631578947374,-1.655263157894736,-12.073684210526316,1.6815789473684202,0.9947368421052638,0.05789473684210519
199,Giornata n. 21,2022-01-09,Hellas Verona,Salernitana,P,1.1888888888888889,1.344444444444445,0.9666666666666668,0.1944444444444445,0.1944444444444445,72.54444444444448,80.10555555555555,-0.6944444444444446,10.094444444444441,1.327777777777781,0.7166666666666666,0.0888888888888889
200,Giornata n. 21,2022-01-09,Inter,Lazio,V,0.47894736842105257,5.997368421052631,1.6078947368421055,0.16578947368421051,0.2236842105263157,-27.421052631579016,-28.884210526315883,2.5710526315789477,1.5789473684210549,0.9342105263157894,-0.605263157894737,-0.2
201,Giornata n. 21,2022-01-09,Empoli,Sassuolo,P,0.09999999999999987,-0.05000000000000071,-0.8499999999999996,0.19999999999999998,0.19999999999999998,-123.04999999999995,-110.40000000000003,0.40000000000000036,-8.299999999999997,0.8499999999999996,-0.3999999999999999,0.0
202,Giornata n. 21,2022-01-09,Genoa,Spezia,P,0.0,-1.1000000000000014,-0.75,0.25,0.25,-11.199999999999989,-5.0,-0.5,-1.3999999999999986,0.6500000000000004,0.3500000000000001,-0.15
203,Giornata n. 21,2022-01-10,Torino,Fiorentina,V,-0.5789473684210527,0.36842105263157876,-1.1578947368421053,-0.3157894736842105,-0.3157894736842105,-95.84210526315786,-78.15789473684214,-0.8947368421052637,-3.8947368421052673,7.052631578947366,-0.1578947368421053,-0.1578947368421053
204,Giornata n. 21,2022-01-11,Cagliari,Bologna,V,-0.47105263157894717,-2.4210526315789487,-1.4578947368421051,-0.007894736842105204,-0.060526315789473595,-88.26052631578949,-80.7236842105263,-1.9210526315789478,-8.14473684210526,2.2868421052631582,-0.1315789473684208,-0.060526315789473595
205,Giornata n. 22,2022-01-15,Sampdoria,Torino,P,-0.01666666666666683,-1.28095238095238,0.01904761904761898,0.0476190476190476,0.0476190476190476,-47.445238095238096,-42.11904761904759,0.4333333333333331,-7.009523809523813,-4.497619047619047,0.5547619047619046,-0.0047619047619048005
206,Giornata n. 22,2022-01-15,Juventus,Udinese,V,0.050125313283207795,2.1779448621553907,0.030075187969925032,0.13784461152882202,0.1854636591478696,127.13533834586468,124.8145363408521,0.10275689223057594,11.699248120300744,-0.06015037593984829,-0.4210526315789478,-0.21553884711779447
207,Giornata n. 22,2022-01-15,Salernitana,Lazio,P,-1.363408521303258,-0.2456140350877174,-1.533834586466165,-0.037593984962406,-0.1328320802005012,-223.72932330827064,-210.77192982456137,1.085213032581454,-13.333333333333336,1.1528822055137837,-0.676691729323309,-0.08521303258145362
208,Giornata n. 22,2022-01-16,Atalanta,Inter,N,-0.34999999999999964,-1.25,-1.3499999999999996,-0.15,-0.25,-27.94999999999999,-8.75,-0.5499999999999998,-0.14999999999999858,1.0999999999999996,0.3500000000000001,0.0
209,Giornata n. 22,2022-01-16,Sassuolo,Hellas Verona,P,-0.047619047619047894,2.3809523809523814,1.4761904761904758,-0.0952380952380952,-0.0952380952380952,109.23809523809524,87.80952380952385,0.19047619047619158,4.904761904761912,-1.7142857142857153,0.09523809523809579,-0.1904761904761904
210,Giornata n. 22,2022-01-16,Roma,Cagliari,V,0.6666666666666667,5.9523809523809526,1.666666666666667,-0.09523809523809519,0.0,85.38095238095241,71.1904761904762,2.9523809523809517,7.095238095238095,0.2857142857142865,0.6190476190476186,0.0952380952380952
211,Giornata n. 22,2022-01-16,Venezia,Empoli,N,-0.719047619047619,-5.28095238095238,-1.2380952380952381,-0.1857142857142857,-0.1857142857142857,-20.252380952380975,-28.02857142857141,-2.628571428571429,-5.795238095238098,1.0666666666666664,0.657142857142857,0.1047619047619048
212,Giornata n. 22,2022-01-17,Bologna,Napoli,P,-0.3619047619047622,-3.8428571428571416,-0.6619047619047622,-0.040476190476190416,-0.1333333333333333,-127.34523809523807,-115.56904761904758,0.20952380952380967,-8.061904761904756,-0.9714285714285715,0.9333333333333333,0.1047619047619048
213,Giornata n. 22,2022-01-17,Fiorentina,Genoa,V,0.7476190476190475,2.935714285714287,1.9809523809523806,0.06190476190476199,0.06190476190476199,132.79523809523806,118.62142857142857,0.8547619047619053,11.971428571428568,-2.742857142857142,-0.11904761904761907,0.25
214,Giornata n. 22,2022-01-17,Milan,Spezia,P,1.1904761904761907,4.238095238095239,0.5238095238095242,0.238095238095238,0.3333333333333333,99.09523809523807,93.0,0.23809523809523814,9.57142857142857,-0.5238095238095237,-0.33333333333333326,-0.04761904761904759
215,Giornata n. 23,2022-01-21,Hellas Verona,Bologna,V,0.5303030303030303,0.5324675324675319,-0.14285714285714324,0.1298701298701299,0.0822510822510823,-34.92857142857139,-22.478354978354957,-0.23593073593073655,1.1298701298701275,3.069264069264067,-0.07359307359307365,0.0367965367965368
216,Giornata n. 23,2022-01-22,Inter,Venezia,V,1.5238095238095237,7.333333333333334,2.9523809523809526,0.1904761904761905,0.33333333333333326,161.09523809523813,156.19047619047626,3.2380952380952377,13.476190476190489,-1.9523809523809526,-0.9523809523809526,-0.1904761904761904
217,Giornata n. 23,2022-01-22,Lazio,Atalanta,N,-0.00432900432900496,-4.66017316017316,-0.21861471861471848,-0.006493506493506496,0.0367965367965368,65.57142857142861,47.396103896103796,-1.8073593073593068,-0.5346320346320326,-1.5757575757575744,0.40043290043290014,0.1818181818181818
218,Giornata n. 23,2022-01-22,Genoa,Udinese,N,-0.49090909090909074,-3.3909090909090924,-2.0999999999999996,0.1772727272727272,0.1772727272727272,8.149999999999977,21.67272727272723,-0.5909090909090908,2.836363636363636,-0.0318181818181813,0.2363636363636359,-0.25
219,Giornata n. 23,2022-01-23,Napoli,Salernitana,V,1.1227272727272726,5.795454545454547,1.9727272727272727,0.08181818181818179,0.21818181818181817,250.2454545454545,235.86363636363637,0.33636363636363686,19.513636363636365,-0.5454545454545432,-0.26363636363636345,-0.009090909090909108
220,Giornata n. 23,2022-01-23,Torino,Sassuolo,N,-0.34632034632034636,-1.5800865800865829,-1.4090909090909092,-0.1363636363636363,-0.1363636363636363,-94.67965367965377,-75.08658008658006,-1.0367965367965377,-3.694805194805184,5.8268398268398265,-0.21212121212121238,0.049783549783549805
221,Giornata n. 23,2022-01-23,Spezia,Sampdoria,V,-0.2727272727272725,-0.7727272727272734,0.1818181818181821,-0.0454545454545454,-0.0454545454545454,19.5,4.818181818181813,0.0,0.318181818181813,-0.18181818181818166,-0.36363636363636376,0.0454545454545454
222,Giornata n. 23,2022-01-23,Empoli,Roma,P,-0.045454545454545636,-1.4545454545454568,-0.18181818181818166,0.18181818181818182,0.09090909090909091,-54.72727272727275,-45.27272727272725,-0.8636363636363633,-2.4090909090909136,-0.27272727272727515,-0.8636363636363629,-0.1363636363636363
223,Giornata n. 23,2022-01-23,Milan,Juventus,N,0.5909090909090904,0.7272727272727284,-0.31818181818181834,0.045454545454545414,0.13636363636363638,-15.772727272727252,-11.545454545454618,0.2727272727272725,1.7272727272727266,-1.5454545454545432,0.0,0.0454545454545455
224,Giornata n. 23,2022-01-23,Cagliari,Fiorentina,N,-0.9502164502164503,-3.0021645021645043,-2.177489177489178,-0.1493506493506494,-0.19696969696969702,-160.02813852813853,-145.32683982683977,-1.4502164502164505,-13.917748917748916,2.391774891774892,0.16233766233766245,-0.1017316017316017
225,Giornata n. 24,2022-02-05,Roma,Genoa,N,0.8695652173913043,6.565217391304348,2.130434782608696,-0.1304347826086956,-0.04347826086956519,78.34782608695662,62.391304347826065,1.9565217391304346,6.217391304347828,-0.8695652173913047,0.3913043478260869,0.1739130434782608
226,Giornata n. 24,2022-02-05,Inter,Milan,P,0.36561264822134376,1.5652173913043477,1.879446640316207,0.05533596837944671,0.06126482213438744,60.85177865612644,56.403162055336,1.312252964426877,1.9920948616600782,-0.6304347826086953,-0.047430830039526084,-0.0869565217391304
227,Giornata n. 24,2022-02-05,Fiorentina,Lazio,P,-0.13636363636363646,2.308300395256918,0.47430830039525684,0.14229249011857711,0.1462450592885376,-51.57707509881419,-49.830039525691745,0.9071146245059287,2.750988142292492,-0.4565217391304355,-0.02371541501976271,0.0988142292490119
228,Giornata n. 24,2022-02-06,Atalanta,Cagliari,P,1.0434782608695652,5.003952569169961,2.0296442687747036,0.005928853754940705,0.007905138339920986,136.05928853754943,136.9723320158103,1.9802371541501977,10.871541501976289,-0.40118577075099005,-0.381422924901186,-0.1304347826086956
229,Giornata n. 24,2022-02-06,Sampdoria,Sassuolo,V,-0.43478260869565233,-3.0,-1.7826086956521738,-0.08695652173913039,-0.08695652173913039,-139.82608695652175,-115.86956521739137,-0.8695652173913038,-10.652173913043477,1.1304347826086971,0.26086956521739113,0.08695652173913039
230,Giornata n. 24,2022-02-06,Bologna,Empoli,N,-0.2905138339920952,-2.5177865612648205,-0.38932806324110647,-0.124505928853755,-0.0790513833992095,33.37747035573125,31.70750988142288,-0.21541501976284572,1.209486166007899,-2.203557312252965,0.4209486166007905,0.09486166007905139
231,Giornata n. 24,2022-02-06,Venezia,Napoli,P,-0.9604743083003953,-7.345849802371543,-2.086956521739131,-0.1699604743083004,-0.3003952569169961,-217.794466403162,-210.86363636363637,-2.529644268774703,-17.780632411067195,1.920948616600791,1.2984189723320163,0.09486166007905139
232,Giornata n. 24,2022-02-06,Udinese,Torino,V,-0.030303030303030276,-1.3051948051948052,0.29004329004329055,0.0476190476190476,0.0476190476190476,-58.640692640692635,-74.16017316017314,0.2943722943722946,-11.448051948051948,-3.978354978354977,0.11255411255411207,0.1471861471861471
233,Giornata n. 24,2022-02-06,Juventus,Hellas Verona,V,-0.39130434782608714,1.6086956521739122,0.3913043478260869,-0.08695652173913049,-0.0434782608695653,96.08695652173918,74.52173913043475,-0.5652173913043477,1.9130434782608674,0.0,-0.5652173913043479,-0.1739130434782608
234,Giornata n. 24,2022-02-07,Salernitana,Spezia,N,-0.37681159420289856,-0.8426501035196683,-0.9813664596273295,0.0952380952380952,0.0952380952380952,-63.608695652173935,-63.01656314699795,0.3975155279503104,-6.532091097308488,-1.1304347826086953,-0.3913043478260869,0.0124223602484472
235,Giornata n. 25,2022-02-12,Torino,Venezia,P,0.434782608695652,4.260869565217391,0.9565217391304346,-0.0869565217391304,-0.0869565217391304,46.95652173913044,63.34782608695656,1.3478260869565215,11.130434782608695,4.521739130434783,-0.34782608695652195,-0.0869565217391304
236,Giornata n. 25,2022-02-12,Lazio,Bologna,V,0.7807971014492752,-1.253623188405797,0.5851449275362324,-0.005434782608695593,0.03442028985507248,127.822463768116,117.47463768115944,-1.039855072463768,4.115942028985508,0.8224637681159432,-0.06884057971014501,-0.007246376811594207
237,Giornata n. 25,2022-02-12,Napoli,Inter,N,-0.47282608695652195,-0.4076086956521756,-1.0489130434782608,-0.010869565217391297,-0.016304347826086973,58.13586956521738,56.3297101449275,-0.7989130434782608,3.7355072463768124,-0.7028985507246386,-0.32971014492753636,0.0833333333333333
238,Giornata n. 25,2022-02-13,Sassuolo,Roma,N,-0.04166666666666674,-1.4166666666666679,0.833333333333333,0.0416666666666667,-0.0416666666666666,61.0,59.208333333333314,-0.833333333333333,5.5833333333333215,-1.083333333333334,-0.5416666666666665,-0.2083333333333334
239,Giornata n. 25,2022-02-13,Atalanta,Juventus,N,0.4565217391304348,0.5362318840579707,0.02717391304347938,-0.03623188405797101,-0.03442028985507248,-1.3641304347826235,15.53260869565213,0.8931159420289854,1.2228260869565233,-0.8858695652173907,0.257246376811594,0.0018115942028986004
240,Giornata n. 25,2022-02-13,Hellas Verona,Udinese,V,0.4280303030303032,0.6931818181818183,-0.314393939393939,0.15909090909090912,0.15909090909090912,54.15530303030306,69.71590909090912,0.4053030303030303,10.44318181818182,0.31060606060606233,-0.04166666666666696,-0.018939393939393923
241,Giornata n. 25,2022-02-13,Milan,Sampdoria,V,0.6666666666666665,3.833333333333334,0.7500000000000004,0.12499999999999999,0.25,114.58333333333331,94.70833333333331,0.625,9.541666666666657,-0.6666666666666661,-0.75,0.0
242,Giornata n. 25,2022-02-13,Genoa,Salernitana,N,0.10606060606060608,-0.3598484848484844,-0.31818181818181834,0.11742424242424239,0.11742424242424239,40.28030303030306,47.71590909090912,-0.42424242424242387,4.56818181818182,2.1287878787878753,0.6212121212121211,-0.053030303030303
243,Giornata n. 25,2022-02-13,Empoli,Cagliari,N,0.5416666666666667,4.666666666666666,1.708333333333334,0.125,0.0833333333333334,40.125,35.625,1.791666666666667,5.291666666666657,-0.5833333333333339,-0.375,-0.0416666666666667
244,Giornata n. 25,2022-02-14,Spezia,Fiorentina,P,-0.6992753623188406,-2.246376811594203,-1.2844202898550727,-0.17753623188405798,-0.26449275362318836,-136.5271739130435,-127.93115942028982,-0.5760869565217392,-12.081521739130437,2.807971014492754,-0.061594202898550776,-0.17934782608695649
245,Giornata n. 26,2022-02-18,Juventus,Torino,N,0.18833333333333324,1.1099999999999994,0.8049999999999997,0.16,0.2,77.11000000000001,57.42166666666668,0.38833333333333275,-0.4966666666666555,-3.9366666666666674,-0.4983333333333331,-0.08499999999999999
246,Giornata n. 26,2022-02-19,Sampdoria,Empoli,V,-0.19999999999999996,-3.5600000000000005,-1.0400000000000005,-0.15999999999999998,-0.15999999999999998,-24.04000000000002,-12.319999999999993,-1.2400000000000002,-2.719999999999999,0.03999999999999915,0.4400000000000004,0.039999999999999994
247,Giornata n. 26,2022-02-19,Salernitana,Milan,N,-1.2608695652173914,-5.28695652173913,-1.5304347826086961,-0.1130434782608696,-0.2330434782608696,-157.7878260869565,-149.92869565217399,-0.23478260869565215,-14.904347826086955,-0.29391304347826086,-0.03652173913043466,0.010434782608695597
248,Giornata n. 26,2022-02-19,Roma,Hellas Verona,N,-0.19999999999999996,3.5200000000000014,0.6399999999999997,-0.12,-0.03999999999999998,41.120000000000005,22.639999999999986,1.08,-0.4799999999999969,-0.8800000000000008,0.56,0.03999999999999998
249,Giornata n. 26,2022-02-20,Fiorentina,Atalanta,V,-0.125,-1.916666666666666,0.20833333333333393,0.125,0.2083333333333334,16.666666666666686,1.4583333333333712,-0.5833333333333339,3.125,-2.166666666666666,0.25,0.2500000000000001
250,Giornata n. 26,2022-02-20,Inter,Sassuolo,P,0.6516666666666666,1.656666666666668,0.7199999999999998,0.13,0.255,32.81999999999999,31.90333333333342,0.7599999999999998,0.24499999999999744,0.3149999999999995,-0.7250000000000001,-0.08
251,Giornata n. 26,2022-02-20,Udinese,Lazio,N,-0.7756521739130438,1.7252173913043478,-0.2121739130434781,-0.0730434782608696,-0.1530434782608696,-208.7147826086956,-200.62782608695647,0.7791304347826085,-12.613913043478256,1.8765217391304354,-0.12521739130434772,0.057391304347825994
252,Giornata n. 26,2022-02-20,Venezia,Genoa,N,0.07666666666666666,-0.8866666666666667,0.35833333333333295,-0.11666666666666671,-0.11666666666666671,2.6650000000000205,-11.966666666666697,-1.3666666666666671,-2.626666666666665,-1.3616666666666664,0.15333333333333288,0.16999999999999998
253,Giornata n. 26,2022-02-21,Bologna,Spezia,V,0.1283333333333332,1.4416666666666664,0.47666666666666657,0.045,0.0866666666666666,65.06166666666667,64.86666666666667,0.6349999999999998,5.516666666666659,-3.1833333333333336,0.2250000000000001,0.046666666666666606
254,Giornata n. 26,2022-02-21,Cagliari,Napoli,N,-0.8400000000000001,-5.959999999999999,-2.2800000000000002,-0.16000000000000003,-0.24000000000000002,-232.83999999999997,-214.16000000000003,-1.8400000000000003,-16.160000000000004,2.16,1.12,0.039999999999999994
255,Giornata n. 27,2022-02-25,Milan,Udinese,N,0.7083333333333333,2.5737179487179507,0.17307692307692335,0.10897435897435899,0.2243589743589744,122.14423076923077,119.86538461538464,0.259615384615385,13.01602564102565,-1.2564102564102573,-0.3044871794871793,-0.092948717948718
256,Giornata n. 27,2022-02-25,Genoa,Inter,N,-1.353846153846154,-7.112307692307693,-3.463076923076923,-0.0476923076923077,-0.1676923076923077,-179.0523076923077,-157.83384615384608,-1.8492307692307692,-11.892307692307696,2.6230769230769226,0.8138461538461537,0.0769230769230769
257,Giornata n. 27,2022-02-26,Salernitana,Bologna,N,-0.44833333333333336,-2.4450000000000003,-1.1233333333333335,-0.036666666666666695,-0.0766666666666667,-119.1633333333333,-116.50666666666666,-0.5783333333333331,-10.651666666666664,1.8416666666666668,-0.5183333333333335,-0.035
258,Giornata n. 27,2022-02-26,Empoli,Juventus,P,0.0,0.19230769230769162,-0.23076923076922995,0.0769230769230769,0.03846153846153841,-93.76923076923077,-83.0,0.5384615384615392,-4.115384615384613,-0.9230769230769216,0.34615384615384603,0.0384615384615385
259,Giornata n. 27,2022-02-26,Sassuolo,Fiorentina,V,-0.10615384615384649,1.7723076923076917,0.5492307692307694,-0.1246153846153847,-0.24461538461538468,-10.127692307692314,-11.39846153846156,0.31384615384615433,-1.6938461538461524,0.8169230769230769,0.17692307692307718,-0.20307692307692313
260,Giornata n. 27,2022-02-27,Lazio,Napoli,P,0.2307692307692304,-5.03846153846154,-0.5,-0.11538461538461542,-0.15384615384615388,-18.538461538461547,-18.692307692307622,-1.0384615384615392,-4.807692307692307,-0.3461538461538467,0.9615384615384615,0.0769230769230769
261,Giornata n. 27,2022-02-27,Hellas Verona,Venezia,V,0.9646153846153848,3.2276923076923083,0.9615384615384617,0.1507692307692307,0.1507692307692307,43.860000000000014,59.18153846153848,1.8476923076923084,9.439999999999998,0.6569230769230767,-0.33846153846153815,-0.0476923076923077
262,Giornata n. 27,2022-02-27,Spezia,Roma,P,-0.6153846153846154,-5.346153846153847,-1.192307692307692,-0.038461538461538394,-0.11538461538461539,-76.5769230769231,-72.84615384615387,-1.8461538461538467,-6.884615384615387,0.6923076923076934,-0.6923076923076921,-0.1153846153846154
263,Giornata n. 27,2022-02-27,Torino,Cagliari,P,0.28,2.7738461538461507,0.9938461538461536,-0.1153846153846153,-0.1538461538461538,62.49846153846153,65.33999999999997,1.0184615384615388,9.863076923076918,4.24769230769231,-0.17538461538461547,0.004615384615384702
264,Giornata n. 27,2022-02-28,Atalanta,Sampdoria,V,0.4938461538461536,3.838461538461539,1.0169230769230775,0.043076923076923096,0.0830769230769231,125.64153846153846,118.78307692307692,1.3600000000000003,8.81230769230769,0.15384615384615152,-0.48923076923076936,-0.0753846153846153
265,Giornata n. 28,2022-03-04,Inter,Salernitana,V,1.3153846153846154,6.956923076923077,3.0015384615384617,0.1507692307692307,0.2661538461538461,214.00923076923078,203.61846153846153,1.7846153846153854,16.409230769230767,-0.5461538461538478,-0.2323076923076921,-0.12
266,Giornata n. 28,2022-03-05,Cagliari,Lazio,P,-0.962962962962963,-0.518518518518519,-1.6666666666666665,-0.03703703703703701,-0.0740740740740741,-210.962962962963,-190.81481481481478,-0.7037037037037033,-10.703703703703702,2.5925925925925917,0.11111111111111072,-0.03703703703703701
267,Giornata n. 28,2022-03-05,Roma,Atalanta,V,-0.2564102564102564,1.334757834757836,0.05128205128205199,0.03276353276353282,0.06837606837606841,-45.363247863247864,-56.24216524216524,0.5384615384615383,-2.6367521367521363,-0.22222222222221966,0.8062678062678064,0.1837606837606838
268,Giornata n. 28,2022-03-05,Udinese,Sampdoria,V,-0.016296296296296475,1.70222222222222,0.9866666666666672,0.005925925925926001,0.005925925925926001,-16.628148148148114,-32.94962962962961,0.7111111111111108,-3.619259259259259,0.8874074074074088,-0.2207407407407409,0.0888888888888889
269,Giornata n. 28,2022-03-06,Bologna,Torino,N,-0.038461538461538325,-1.03846153846154,0.0769230769230771,0.1153846153846153,0.1538461538461538,18.653846153846132,5.884615384615358,0.5,-3.461538461538467,-6.76923076923077,0.1538461538461542,0.038461538461538505
270,Giornata n. 28,2022-03-06,Genoa,Empoli,N,-0.6666666666666666,-4.62962962962963,-1.7777777777777781,-0.03703703703703712,-0.03703703703703712,-46.48148148148147,-37.51851851851853,-1.2962962962962958,-4.962962962962962,1.518518518518519,0.3333333333333339,0.0
271,Giornata n. 28,2022-03-06,Juventus,Spezia,V,0.4814814814814816,3.814814814814813,1.2592592592592595,0.07407407407407411,0.11111111111111109,119.59259259259255,112.11111111111109,0.7407407407407405,8.555555555555557,-0.2592592592592613,-0.5925925925925926,-0.1111111111111111
272,Giornata n. 28,2022-03-06,Venezia,Sassuolo,P,-0.7435897435897435,-5.663817663817664,-2.2962962962962967,-0.034188034188034205,-0.034188034188034205,-140.14245014245017,-131.01424501424503,-2.146723646723647,-13.495726495726508,1.2920227920227916,0.21225071225071224,0.1566951566951567
273,Giornata n. 28,2022-03-06,Fiorentina,Hellas Verona,N,-0.19515669515669476,0.44444444444444464,0.5470085470085468,0.008547008547008489,0.12393162393162388,101.68518518518516,80.29487179487177,0.22364672364672344,5.585470085470085,-2.712250712250709,0.014245014245014342,0.12250712250712262
274,Giornata n. 28,2022-03-06,Napoli,Milan,P,-0.14814814814814814,0.8888888888888911,0.666666666666667,0.0740740740740741,0.07407407407407401,105.81481481481484,100.77777777777783,0.40740740740740744,4.185185185185176,-0.6666666666666661,-0.5555555555555558,-0.037037037037037104
275,Giornata n. 29,2022-03-12,Spezia,Cagliari,V,0.0,-0.25,0.4642857142857144,-0.0357142857142857,-0.0714285714285714,15.85714285714289,4.571428571428498,0.39285714285714146,0.2857142857142989,0.035714285714286476,-0.2857142857142856,0.0357142857142857
276,Giornata n. 29,2022-03-12,Salernitana,Sassuolo,N,-0.9807692307692307,-4.524725274725277,-2.395604395604395,-0.1373626373626373,-0.1373626373626373,-169.25824175824187,-158.84340659340666,-0.6758241758241761,-14.760989010989,0.3186813186813193,-0.4642857142857144,0.0439560439560439
277,Giornata n. 29,2022-03-12,Sampdoria,Juventus,P,-0.2142857142857142,-3.3571428571428577,-1.2499999999999991,-0.0714285714285714,-0.1071428571428571,-116.57142857142856,-94.39285714285717,-0.785714285714286,-6.892857142857139,-0.6428571428571423,0.8214285714285716,0.0714285714285714
278,Giornata n. 29,2022-03-12,Milan,Empoli,V,0.5000000000000002,0.6785714285714288,0.25,-0.0357142857142857,0.07142857142857151,79.0,69.64285714285722,-0.2857142857142856,5.857142857142854,-0.7142857142857135,-0.07142857142857117,0.0357142857142857
279,Giornata n. 29,2022-03-13,Fiorentina,Bologna,V,0.5185185185185184,0.8888888888888911,0.7777777777777781,0.1111111111111111,0.1851851851851852,68.88888888888886,61.55555555555554,0.0370370370370372,6.370370370370374,-0.2592592592592595,-0.2962962962962967,0.14814814814814817
280,Giornata n. 29,2022-03-13,Hellas Verona,Napoli,P,0.1428571428571428,-3.3571428571428577,-0.8571428571428577,0.0,-0.1071428571428571,-181.96428571428572,-158.50000000000006,-0.6071428571428568,-8.107142857142854,2.178571428571427,0.7499999999999998,0.1071428571428571
281,Giornata n. 29,2022-03-13,Torino,Inter,N,-1.0,-4.111111111111114,-2.333333333333333,-0.2222222222222222,-0.3333333333333333,-126.77777777777777,-105.51851851851848,-1.9629629629629628,-3.518518518518519,5.777777777777779,0.6296296296296298,0.1111111111111111
282,Giornata n. 29,2022-03-13,Atalanta,Genoa,N,1.0661375661375665,4.63095238095238,1.9497354497354498,-0.06746031746031739,-0.03042328042328038,147.61243386243387,141.54497354497352,1.1917989417989414,10.519841269841272,-1.140211640211641,-0.3465608465608465,0.0026455026455026037
283,Giornata n. 29,2022-03-13,Udinese,Roma,N,-0.3351648351648351,-3.409340659340657,-0.2967032967032974,-0.0659340659340659,-0.1373626373626373,-93.39835164835165,-91.087912087912,-1.1538461538461542,-9.307692307692307,0.7609890109890092,-0.5274725274725274,-0.05769230769230771
284,Giornata n. 29,2022-03-14,Lazio,Venezia,V,1.1097883597883595,1.7037037037037042,1.534391534391534,0.10449735449735449,0.1388888888888889,204.98941798941803,196.1230158730159,0.9920634920634921,12.544973544973544,-2.0357142857142865,-0.2420634920634921,-0.04365079365079372
285,Giornata n. 30,2022-03-18,Genoa,Torino,V,-0.4556650246305418,-3.040640394088671,-1.166256157635468,0.1724137931034483,0.1724137931034483,-57.818965517241395,-55.931034482758605,-0.3620689655172411,-9.104679802955665,-3.0098522167487687,0.1588669950738919,-0.0381773399014778
286,Giornata n. 30,2022-03-18,Sassuolo,Spezia,V,0.7241379310344829,4.413793103448276,1.862068965517241,0.13793103448275862,0.103448275862069,129.0,118.65517241379314,1.206896551724138,11.172413793103452,-1.6206896551724146,0.1724137931034484,-0.034482758620689696
287,Giornata n. 30,2022-03-19,Inter,Fiorentina,N,0.4999999999999998,4.321428571428569,1.5,0.0,0.0,36.96428571428555,35.928571428571445,1.2857142857142856,0.14285714285712459,1.1071428571428577,-0.3214285714285712,-0.2857142857142857
288,Giornata n. 30,2022-03-19,Napoli,Udinese,V,0.4623243933588759,2.7790549169859524,0.5606641123882508,0.1673052362707536,0.27075351213282256,225.72030651340992,218.89782886334604,0.421455938697318,17.48148148148148,-2.565772669220946,-1.008939974457216,-0.1162196679438058
289,Giornata n. 30,2022-03-19,Cagliari,Milan,P,-0.9310344827586207,-4.206896551724135,-1.6206896551724137,-0.06896551724137939,-0.1379310344827586,-120.55172413793099,-104.4137931034482,-1.2758620689655182,-10.379310344827587,1.5172413793103434,0.5517241379310343,0.0
290,Giornata n. 30,2022-03-20,Bologna,Atalanta,P,-0.642857142857143,-2.928571428571429,-0.75,0.0,0.0,-75.28571428571428,-83.89285714285717,-0.5,-4.928571428571438,-1.7857142857142865,0.3928571428571428,0.1071428571428571
291,Giornata n. 30,2022-03-20,Empoli,Hellas Verona,N,-0.4827586206896548,1.7241379310344787,0.1724137931034484,-0.034482758620689696,-0.034482758620689696,-4.448275862068954,-13.758620689655174,0.5517241379310347,-2.448275862068968,-0.6896551724137936,-0.3448275862068968,-0.1724137931034483
292,Giornata n. 30,2022-03-20,Venezia,Sampdoria,P,-0.3830049261083742,-1.6477832512315285,-0.34482758620689635,0.0024630541871921013,0.0036945812807882006,-22.400246305418648,-36.59113300492618,-0.818965517241379,-4.328817733990142,0.583743842364532,0.09359605911330071,0.1108374384236453
293,Giornata n. 30,2022-03-20,Roma,Lazio,V,-0.3793103448275863,5.0,0.1379310344827589,-0.03448275862068961,-0.034482758620689585,-116.17241379310343,-110.89655172413796,1.5862068965517242,-3.275862068965516,2.0,0.6206896551724137,0.06896551724137931
294,Giornata n. 30,2022-03-20,Juventus,Salernitana,V,0.7369093231162197,3.3908045977011483,1.4457215836526176,0.09833971902937429,0.13282247765006389,163.07024265644964,153.87228607918263,-0.03831417624521016,11.92464878671774,1.3844189016602808,-0.10344827586206895,-0.0766283524904215
295,Giornata n. 31,2022-04-02,Spezia,Venezia,V,0.1712643678160921,0.9551724137931039,0.5356321839080458,-0.002298850574712699,-0.003448275862068889,10.339080459770116,11.539080459770105,0.6919540229885057,2.144827586206894,-0.01494252873563262,-0.4264367816091954,-0.10804597701149429
296,Giornata n. 31,2022-04-02,Lazio,Sassuolo,V,0.09999999999999987,-3.966666666666667,-1.0666666666666673,-0.0333333333333333,0.0333333333333333,72.26666666666665,73.0,-0.9333333333333336,-0.06666666666666288,-0.8333333333333321,0.0,0.0666666666666666
297,Giornata n. 31,2022-04-02,Salernitana,Torino,P,-0.3866995073891625,-2.641625615763548,-0.72167487684729,0.0714285714285714,0.0714285714285714,-85.71428571428572,-97.58743842364538,0.12315270935960587,-13.044334975369445,-5.383004926108377,-0.4137931034482758,0.0036945812807882006
298,Giornata n. 31,2022-04-03,Sampdoria,Roma,P,-0.3666666666666667,-5.033333333333333,-1.233333333333333,-0.1,-0.1333333333333333,-66.13333333333338,-49.10000000000008,-1.833333333333334,-4.800000000000004,-0.2666666666666675,-0.5666666666666664,-0.1333333333333333
299,Giornata n. 31,2022-04-03,Udinese,Cagliari,V,0.3523809523809526,1.9404761904761916,1.5214285714285714,-0.02857142857142861,-0.06190476190476191,-2.1000000000000227,-16.178571428571445,1.0904761904761902,-2.711904761904762,0.10714285714285765,-0.05952380952380931,0.11428571428571419
300,Giornata n. 31,2022-04-03,Atalanta,Napoli,P,-0.008045977011494232,-1.0471264367816087,-0.6195402298850574,-0.12988505747126441,-0.19540229885057472,-82.99310344827592,-64.60574712643677,-0.12528735632183885,-4.959770114942522,1.8977011494252878,0.6080459770114941,0.002298850574712699
301,Giornata n. 31,2022-04-03,Juventus,Inter,P,-0.5712643678160916,-3.3678160919540243,-1.5712643678160925,-0.0402298850574713,-0.1103448275862069,-39.36206896551727,-41.18850574712644,-1.845977011494253,-3.98735632183908,1.2701149425287355,0.036781609195402076,0.0333333333333333
302,Giornata n. 31,2022-04-03,Fiorentina,Empoli,V,0.28850574712643673,-0.5666666666666664,0.5551724137931036,0.006896551724137889,0.1103448275862069,104.72873563218394,93.69080459770117,-0.06436781609195474,8.182758620689661,-2.208045977011496,0.041379310344827225,0.20919540229885059
303,Giornata n. 31,2022-04-04,Milan,Bologna,N,0.7632183908045977,3.344827586206897,0.7758620689655178,0.06321839080459771,0.12873563218390802,45.80000000000001,39.27126436781606,0.10459770114942568,4.39540229885057,0.9965517241379303,-0.4862068965517241,-0.07241379310344828
304,Giornata n. 31,2022-04-04,Hellas Verona,Genoa,V,1.0666666666666664,2.066666666666668,1.3666666666666667,0.06666666666666671,0.1,57.4666666666667,56.866666666666674,0.666666666666667,8.133333333333333,-0.6666666666666679,0.0,0.1333333333333333
305,Giornata n. 32,2022-04-09,Cagliari,Juventus,P,-0.5806451612903225,-3.419354838709678,-1.774193548387097,-0.06451612903225801,-0.06451612903225809,-140.16129032258073,-119.58064516129036,-0.9354838709677415,-8.483870967741936,0.48387096774193594,0.7096774193548385,0.0645161290322581
306,Giornata n. 32,2022-04-09,Inter,Hellas Verona,V,0.29354838709677455,4.697849462365591,1.9666666666666668,0.0075268817204301175,0.07526881720430112,128.68064516129033,107.15483870967739,1.5548387096774192,4.976344086021506,-1.4483870967741943,-0.6462365591397852,-0.2258064516129032
307,Giornata n. 32,2022-04-09,Empoli,Spezia,N,0.2903225806451615,2.935483870967742,0.5161290322580645,0.12903225806451618,0.0967741935483871,23.903225806451587,26.70967741935482,1.0,3.9032258064516157,-0.41935483870967616,-0.16129032258064546,-0.032258064516129004
308,Giornata n. 32,2022-04-10,Torino,Milan,N,-0.6397849462365588,-2.747311827956988,-0.7806451612903231,-0.1279569892473118,-0.2247311827956989,-57.59677419354841,-42.16774193548389,-0.7301075268817208,-0.9505376344086045,5.600000000000001,0.4344086021505378,0.0032258064516129115
309,Giornata n. 32,2022-04-10,Roma,Salernitana,V,0.8865406006674084,4.9666295884315925,1.380422691879866,0.0923248053392658,0.1568409343715239,113.67074527252498,108.71635150166856,1.1145717463848719,9.70077864293659,0.9699666295884324,1.025583982202447,0.0878754171301446
310,Giornata n. 32,2022-04-10,Sassuolo,Atalanta,V,0.07311827956989214,0.2666666666666675,1.0526881720430108,0.1258064516129032,0.09247311827956989,2.0849462365591194,-17.955913978494664,-0.20537634408602123,0.6053763440860251,-1.451612903225806,0.2827956989247311,0.030107526881720498
311,Giornata n. 32,2022-04-10,Napoli,Fiorentina,P,0.17311827956989223,1.9236559139784948,0.13333333333333375,0.058064516129032184,0.054838709677419384,73.23763440860216,71.90967741935492,0.1924731182795698,2.076344086021507,0.3333333333333339,-0.5225806451612907,-0.2021505376344086
312,Giornata n. 32,2022-04-10,Venezia,Udinese,P,-0.5804597701149424,-3.4666666666666686,-1.6183908045977016,-0.002298850574712699,0.03103448275862071,2.801149425287349,4.558620689655186,-1.5586206896551724,0.1781609195402325,-0.35862068965517224,0.1471264367816092,0.02643678160919541
313,Giornata n. 32,2022-04-10,Genoa,Lazio,P,-1.1935483870967742,-1.0322580645161281,-1.709677419354839,-0.03225806451612909,-0.0967741935483871,-223.9354838709678,-198.1612903225806,-0.19354838709677402,-11.354838709677416,3.290322580645162,0.12903225806451601,-0.06451612903225801
314,Giornata n. 32,2022-04-11,Bologna,Sampdoria,V,-0.1913978494623656,0.8559139784946215,0.37849462365591346,0.03548387096774201,0.03655913978494621,45.48817204301076,34.774193548387075,0.7021505376344086,3.904301075268812,-1.709677419354838,0.018279569892473813,0.06989247311827951
315,Giornata n. 33,2022-04-15,Milan,Genoa,V,1.0,5.4375,1.84375,0.0,0.09375,122.75,103.71875,1.03125,10.875,-2.09375,-0.46875,0.0
316,Giornata n. 33,2022-04-15,Spezia,Inter,P,-1.096774193548387,-6.333669354838708,-2.467741935483871,-0.1633064516129032,-0.2288306451612903,-160.00806451612902,-152.40625,-2.35383064516129,-11.9375,1.590725806451612,0.407258064516129,0.125
317,Giornata n. 33,2022-04-16,Lazio,Torino,N,0.8709677419354838,-1.714717741935484,0.819556451612903,0.155241935483871,0.217741935483871,156.80645161290317,136.77923387096774,-0.07560483870967705,1.8689516129032242,-6.861895161290324,-0.045362903225806495,0.059475806451612906
318,Giornata n. 33,2022-04-16,Juventus,Bologna,N,0.434475806451613,2.350806451612904,0.914314516129032,0.059475806451612906,0.0584677419354839,64.5463709677419,54.10887096774189,-0.18145161290322598,2.7459677419354804,1.87600806451613,-0.5786290322580645,-0.0987903225806451
319,Giornata n. 33,2022-04-16,Cagliari,Sassuolo,V,-0.875,-4.65625,-2.71875,-0.125,-0.09375,-145.4375,-122.46875,-1.625,-10.625,1.875,0.15625,0.03125
320,Giornata n. 33,2022-04-16,Sampdoria,Salernitana,P,0.4520833333333333,0.25833333333333286,0.2124999999999999,-0.004166666666666596,0.027083333333333404,53.45208333333335,65.24583333333334,-0.6958333333333337,5.256250000000001,0.2916666666666661,0.23125000000000018,-0.039583333333333304
321,Giornata n. 33,2022-04-16,Udinese,Empoli,V,0.15208333333333313,-0.24583333333333357,0.5333333333333332,-0.0875,-0.0875,-39.570833333333326,-46.11874999999998,-0.002083333333333215,-6.414583333333333,0.7624999999999993,0.3479166666666669,0.10625000000000001
322,Giornata n. 33,2022-04-16,Fiorentina,Venezia,V,0.8387096774193546,3.774193548387098,1.870967741935484,0.12903225806451618,0.19354838709677422,142.8709677419355,136.87096774193554,1.6129032258064515,14.258064516129032,-2.548387096774194,-0.645161290322581,0.032258064516129004
323,Giornata n. 33,2022-04-18,Napoli,Roma,N,0.15625,-0.25,0.375,0.09375,0.125,121.5625,117.65625,-0.78125,7.125,-2.03125,-1.5625,-0.15625
324,Giornata n. 33,2022-04-18,Atalanta,Hellas Verona,P,-0.040322580645161255,2.898185483870968,0.38608870967741904,-0.1219758064516129,-0.1209677419354839,92.7933467741936,87.84778225806451,0.889112903225806,2.7520161290322562,-0.3125,-0.337701612903226,-0.154233870967742
325,Giornata n. 19,2022-04-20,Udinese,Salernitana,P,0.7096774193548387,2.806451612903226,1.483870967741936,0.0322580645161291,0.0322580645161291,21.967741935483843,18.9032258064517,0.38709677419354804,1.1290322580645196,1.193548387096774,0.06451612903225801,0.06451612903225809
326,Giornata n. 34,2022-04-23,Hellas Verona,Sampdoria,N,0.5454545454545454,1.6666666666666625,0.7878787878787881,0.1515151515151515,0.1515151515151515,12.121212121212125,13.21212121212119,0.4848484848484844,4.3030303030303045,0.5151515151515138,0.06060606060606055,0.1212121212121212
327,Giornata n. 34,2022-04-23,Inter,Roma,V,0.48863636363636354,1.5719696969696955,1.3939393939393936,0.06723484848484851,0.1003787878787879,79.36837121212119,77.73768939393938,0.43465909090909083,5.009469696969688,-1.0596590909090917,-1.2452651515151514,-0.2424242424242424
328,Giornata n. 34,2022-04-23,Torino,Spezia,V,0.125,2.4801136363636367,0.29640151515151514,-0.0293560606060606,-0.0596590909090909,53.3276515151515,61.471590909090935,0.4696969696969697,9.398674242424242,3.7376893939393945,0.0738636363636358,-0.0274621212121212
329,Giornata n. 34,2022-04-23,Venezia,Atalanta,P,-0.875,-5.5,-1.4375,-0.03125,-0.03125,-142.09375,-152.75,-2.375,-12.3125,0.5625,0.6875,0.15625
330,Giornata n. 34,2022-04-24,Genoa,Cagliari,V,-0.21212121212121215,-0.4545454545454568,-0.21212121212121238,0.060606060606060594,0.03030303030303029,-2.5151515151515014,0.5757575757575637,0.36363636363636376,-0.24242424242424931,0.42424242424242387,-0.15151515151515094,-0.030303030303030304
331,Giornata n. 34,2022-04-24,Bologna,Udinese,N,-0.375,-1.3125,-0.8125,0.0,0.03125,77.53125,80.9375,-0.25,7.9375,-3.15625,0.0625,0.03125
332,Giornata n. 34,2022-04-24,Salernitana,Fiorentina,V,-0.84375,-3.34375,-1.8125,-0.125,-0.21875,-173.6875,-166.1875,-0.4375,-16.0,1.6875,0.25,-0.125
333,Giornata n. 34,2022-04-24,Empoli,Napoli,V,-0.5151515151515151,-1.7272727272727266,-0.9090909090909092,-0.06060606060606061,-0.1515151515151515,-171.969696969697,-159.75757575757575,-0.1212121212121211,-9.484848484848492,1.5454545454545467,0.5757575757575759,0.030303030303030297
334,Giornata n. 34,2022-04-24,Lazio,Milan,P,0.21212121212121193,-4.242424242424244,0.0,0.030303030303030304,0.0,94.060606060606,88.81818181818187,-0.5454545454545459,0.1818181818181941,-1.0909090909090917,0.3636363636363642,0.060606060606060594
335,Giornata n. 34,2022-04-25,Sassuolo,Juventus,P,0.24242424242424243,0.3333333333333339,0.7272727272727266,0.06060606060606061,0.030303030303030304,6.060606060606062,5.272727272727252,0.5757575757575752,2.1515151515151487,-1.0909090909090917,0.5757575757575761,0.030303030303030297
336,Giornata n. 20,2022-04-27,Atalanta,Torino,N,0.5757575757575757,2.0606060606060588,0.5151515151515156,0.030303030303030297,0.0606060606060606,80.21212121212119,80.30303030303025,1.121212121212121,1.1212121212121247,-4.1515151515151505,-0.15151515151515182,-0.030303030303030297
337,Giornata n. 20,2022-04-27,Bologna,Inter,V,-1.0303030303030303,-5.030303030303029,-2.393939393939394,-0.1212121212121212,-0.18181818181818177,-96.60606060606057,-89.4848484848485,-1.545454545454544,-5.727272727272727,-1.121212121212121,0.6666666666666674,0.2121212121212121
338,Giornata n. 20,2022-04-27,Fiorentina,Udinese,P,0.1515151515151516,0.2424242424242422,0.2727272727272725,0.0909090909090909,0.18181818181818182,152.93939393939394,148.7575757575758,-0.1212121212121211,15.030303030303031,-3.363636363636365,-0.27272727272727293,0.06060606060606061
339,Giornata n. 35,2022-04-30,Cagliari,Hellas Verona,P,-0.8235294117647061,-1.6470588235294095,-1.1176470588235299,-0.11764705882352941,-0.1176470588235294,-56.764705882352985,-56.23529411764707,-0.8529411764705892,-7.294117647058819,0.5,0.117647058823529,-0.08823529411764701
340,Giornata n. 35,2022-04-30,Spezia,Lazio,P,-0.9411764705882355,-0.764705882352942,-1.0882352941176472,-0.0882352941176471,-0.1176470588235294,-197.8529411764706,-186.9411764705883,-0.3235294117647065,-10.823529411764703,2.9705882352941195,-0.02941176470588225,-0.02941176470588229
341,Giornata n. 35,2022-04-30,Sampdoria,Genoa,V,0.47058823529411753,0.14705882352940947,0.5588235294117645,-0.088235294117647,-0.02941176470588229,41.85294117647055,37.5,0.08823529411764719,2.764705882352935,-1.5,0.0,0.0
342,Giornata n. 35,2022-04-30,Napoli,Sassuolo,V,0.05882352941176472,0.11764705882353077,-0.6176470588235299,0.058823529411764774,0.1470588235294118,60.58823529411757,63.2058823529411,0.0,2.970588235294116,-0.47058823529411775,-0.7941176470588236,-0.0588235294117647
343,Giornata n. 35,2022-05-01,Juventus,Venezia,V,0.711229946524064,4.99108734402852,1.7682709447415332,0.08645276292335108,0.0855614973262032,135.04545454545456,126.86720142602496,1.4670231729055256,10.655080213903744,-0.8360071301247753,-0.9064171122994653,-0.1532976827094474
344,Giornata n. 35,2022-05-01,Roma,Bologna,N,0.47058823529411775,3.6470588235294095,0.8823529411764701,0.05882352941176469,0.08823529411764701,23.441176470588175,18.323529411764696,1.2352941176470589,1.441176470588239,2.235294117647058,0.5882352941176467,0.029411764705882387
345,Giornata n. 35,2022-05-01,Milan,Fiorentina,V,0.17647058823529416,2.117647058823529,-0.1764705882352935,-0.029411764705882415,-0.029411764705882387,-34.117647058823536,-30.970588235294144,-0.058823529411765385,-3.088235294117638,0.8823529411764728,-0.20588235294117663,-0.1470588235294118
346,Giornata n. 35,2022-05-01,Empoli,Torino,P,0.08823529411764697,0.852941176470587,0.2941176470588234,0.08823529411764701,0.08823529411764701,-25.941176470588232,-31.088235294117624,0.7941176470588234,-4.67647058823529,-4.088235294117643,-0.0588235294117645,0.0
347,Giornata n. 35,2022-05-01,Udinese,Inter,P,-0.5588235294117643,-3.705882352941174,-1.4411764705882355,-0.11764705882352941,-0.2058823529411765,-180.29411764705878,-177.20588235294116,-1.352941176470587,-14.235294117647065,2.7058823529411757,0.617647058823529,0.1764705882352941
348,Giornata n. 35,2022-05-02,Atalanta,Salernitana,N,0.9456327985739751,4.729055258467023,1.2335115864527624,0.08645276292335108,0.1158645276292335,171.04901960784315,180.54634581105176,1.1604278074866308,13.752228163992875,0.12566844919786035,-0.249554367201426,-0.062388591800356503
349,Giornata n. 20,2022-05-05,Salernitana,Venezia,V,0.02941176470588236,0.9411764705882337,0.3529411764705883,0.0,-0.029411764705882297,-31.235294117647072,-29.73529411764713,1.3823529411764701,-1.588235294117652,-0.7647058823529456,-0.3529411764705883,-0.08823529411764701
350,Giornata n. 36,2022-05-06,Inter,Empoli,V,0.7999999999999998,3.428571428571429,1.942857142857143,0.0,0.11428571428571427,136.60000000000008,126.60000000000002,1.2571428571428571,7.74285714285714,-1.0857142857142854,-0.4571428571428571,-0.1428571428571428
351,Giornata n. 36,2022-05-06,Genoa,Juventus,V,-0.8285714285714286,-4.2285714285714295,-1.942857142857144,0.0,0.0,-141.82857142857142,-114.77142857142854,-0.8285714285714287,-8.17142857142857,1.8571428571428612,0.5142857142857145,0.028571428571428602
352,Giornata n. 36,2022-05-07,Lazio,Sampdoria,V,0.8,1.0571428571428587,1.428571428571428,0.1428571428571429,0.1428571428571429,177.1142857142857,155.8571428571429,0.5142857142857147,8.342857142857135,-2.2857142857142865,-0.17142857142857126,0.05714285714285709
353,Giornata n. 36,2022-05-07,Torino,Napoli,P,-0.6285714285714286,-2.6285714285714263,-1.2000000000000006,-0.08571428571428572,-0.1714285714285714,-144.6857142857143,-127.28571428571433,-0.8000000000000007,-4.628571428571426,5.514285714285716,0.7428571428571429,0.028571428571428602
354,Giornata n. 36,2022-05-07,Sassuolo,Udinese,N,0.17142857142857126,1.8000000000000025,0.742857142857142,0.11428571428571431,0.11428571428571431,153.7428571428572,146.0285714285714,0.20000000000000018,12.942857142857143,-2.885714285714288,-0.05714285714285694,-0.057142857142857204
355,Giornata n. 36,2022-05-08,Hellas Verona,Milan,P,0.0,-3.428571428571429,-0.6571428571428566,0.05714285714285722,0.0,-68.80000000000001,-52.14285714285717,-0.6571428571428575,-3.5142857142857125,1.6285714285714281,0.5142857142857142,0.11428571428571431
356,Giornata n. 36,2022-05-08,Salernitana,Cagliari,N,-0.028571428571428692,-0.11428571428571566,0.37142857142857144,0.0,-0.028571428571428498,-25.114285714285757,-39.74285714285713,1.0285714285714285,-4.0,-1.1999999999999975,-0.1428571428571428,0.0
357,Giornata n. 36,2022-05-08,Venezia,Bologna,V,-0.2857142857142857,-2.114285714285712,-0.7428571428571429,-0.028571428571428602,-0.028571428571428498,-72.39999999999998,-73.97142857142859,-1.428571428571428,-7.74285714285714,2.742857142857142,0.4571428571428573,0.028571428571428498
358,Giornata n. 36,2022-05-08,Spezia,Atalanta,P,-0.7142857142857142,-4.885714285714284,-0.9142857142857141,-0.05714285714285709,-0.057142857142857204,-137.3428571428571,-144.59999999999997,-1.7714285714285714,-10.971428571428575,0.8571428571428541,0.11428571428571432,0.0571428571428571
359,Giornata n. 36,2022-05-09,Fiorentina,Roma,V,-0.02857142857142847,-1.8285714285714274,0.22857142857142865,0.02857142857142861,0.057142857142857106,53.82857142857142,52.1142857142857,-0.8571428571428577,6.342857142857142,-1.8571428571428577,-0.7428571428571429,0.0
360,Giornata n. 37,2022-05-14,Udinese,Spezia,P,0.4722222222222221,3.0555555555555554,1.333333333333334,0.0,-0.027777777777777804,-8.277777777777771,-13.555555555555543,1.083333333333333,-1.1666666666666643,1.0277777777777768,0.16666666666666652,0.0555555555555555
361,Giornata n. 37,2022-05-14,Hellas Verona,Torino,P,0.4722222222222223,-0.38888888888888573,0.25,0.02777777777777779,0.05555555555555561,-18.27777777777777,-13.694444444444457,0.0,-2.25,-3.1388888888888875,0.16666666666666652,0.11111111111111109
362,Giornata n. 37,2022-05-14,Roma,Venezia,N,0.611111111111111,5.47222222222222,1.416666666666667,0.055555555555555594,0.0555555555555555,93.22222222222223,89.44444444444446,2.666666666666666,8.666666666666671,-0.47222222222222143,0.0555555555555558,0.0
363,Giornata n. 37,2022-05-14,Empoli,Salernitana,N,0.4444444444444444,2.6111111111111107,0.8055555555555554,0.08333333333333329,0.08333333333333329,63.94444444444446,66.41666666666669,0.44444444444444375,7.222222222222236,0.25,-0.22222222222222188,0.0
364,Giornata n. 37,2022-05-15,Cagliari,Inter,P,-1.25,-6.83333333333333,-3.2499999999999996,-0.11111111111111109,-0.19444444444444448,-178.44444444444446,-157.50000000000006,-3.027777777777778,-11.527777777777771,2.1388888888888893,0.6944444444444442,0.1388888888888889
365,Giornata n. 37,2022-05-15,Bologna,Sassuolo,P,-0.5277777777777777,-3.166666666666666,-1.5277777777777772,-0.11111111111111109,-0.08333333333333329,-73.25,-61.77777777777777,-0.4722222222222223,-4.6388888888889,-0.7222222222222232,0.05555555555555536,0.08333333333333329
366,Giornata n. 37,2022-05-15,Napoli,Genoa,V,1.1388888888888888,4.66666666666667,2.1111111111111107,0.0833333333333334,0.1666666666666667,214.11111111111114,188.16666666666669,1.1388888888888893,13.75,-3.277777777777777,-0.7777777777777779,-0.027777777777777804
367,Giornata n. 37,2022-05-15,Milan,Atalanta,V,-0.027777777777778345,0.5,0.3333333333333339,0.0,0.05555555555555561,-32.25,-44.30555555555554,-0.666666666666667,-0.2777777777777857,-1.0833333333333357,-0.2777777777777777,0.027777777777777804
368,Giornata n. 37,2022-05-16,Juventus,Lazio,N,-0.4722222222222223,2.9444444444444446,-0.13888888888888928,-0.0555555555555555,-0.0833333333333334,-80.08333333333331,-80.72222222222229,0.1388888888888884,-2.861111111111107,2.1666666666666643,-0.3333333333333335,-0.0833333333333334
369,Giornata n. 37,2022-05-16,Sampdoria,Fiorentina,V,-0.38888888888888884,-3.1111111111111107,-1.6666666666666665,-0.1388888888888889,-0.16666666666666669,-115.47222222222223,-96.3055555555556,-1.2777777777777777,-10.861111111111107,1.6111111111111107,0.16666666666666652,-0.1388888888888889
370,Giornata n. 38,2022-05-20,Torino,Roma,P,-0.2702702702702704,-3.378378378378379,-1.0270270270270268,0.027027027027027,-0.027027027027027112,-36.027027027026975,-23.29729729729729,-1.864864864864865,1.5945945945945823,3.945945945945951,-0.5945945945945943,-0.1351351351351352
371,Giornata n. 38,2022-05-21,Lazio,Hellas Verona,N,0.32432432432432434,-0.4324324324324298,0.8648648648648645,0.0,0.027027027027027,171.54054054054052,149.6486486486486,0.21621621621621667,4.702702702702702,-3.0270270270270263,-0.21621621621621623,-0.05405405405405411
372,Giornata n. 38,2022-05-21,Genoa,Bologna,P,-0.43243243243243235,-1.2702702702702684,-1.0,0.05405405405405399,0.05405405405405411,-85.81081081081084,-69.83783783783787,-0.7297297297297294,-6.594594594594604,3.756756756756758,-0.054054054054054834,-0.1081081081081082
373,Giornata n. 38,2022-05-21,Fiorentina,Juventus,V,0.0,-0.8378378378378368,0.1351351351351351,0.08108108108108111,0.13513513513513523,19.216216216216196,22.75675675675666,0.5945945945945939,5.621621621621621,-1.810810810810814,0.3243243243243241,0.1621621621621622
374,Giornata n. 38,2022-05-21,Atalanta,Empoli,P,0.43243243243243246,1.864864864864865,0.24324324324324298,-0.05405405405405411,-0.027027027027027112,111.0810810810811,117.24324324324328,0.756756756756757,6.918918918918919,0.02702702702702986,0.0,-0.08108108108108109
375,Giornata n. 38,2022-05-22,Sassuolo,Milan,P,-0.054054054054053946,-0.5945945945945947,0.6756756756756754,0.05405405405405411,-0.027027027027027,36.378378378378386,28.324324324324266,0.18918918918918948,0.621621621621621,-0.1621621621621614,0.40540540540540526,0.027027027027027098
376,Giornata n. 38,2022-05-22,Salernitana,Udinese,P,-0.6486486486486487,-2.243243243243242,-1.3783783783783785,0.027027027027027098,0.054054054054054085,-27.324324324324323,-23.70270270270271,-0.21621621621621667,-1.4594594594594454,-2.2702702702702684,-0.02702702702702675,-0.027027027027027
377,Giornata n. 38,2022-05-22,Inter,Sampdoria,V,0.9459459459459458,7.081081081081081,2.945945945945946,0.1351351351351352,0.1891891891891892,144.2972972972973,125.43243243243245,2.7837837837837838,10.054054054054049,-1.1621621621621596,-0.5945945945945943,-0.1081081081081081
378,Giornata n. 38,2022-05-22,Spezia,Napoli,P,-0.810810810810811,-5.0,-1.5135135135135132,-0.18918918918918928,-0.2432432432432433,-204.89189189189187,-194.13513513513504,-1.3243243243243241,-15.162162162162161,2.243243243243244,0.7027027027027029,0.0540540540540541
379,Giornata n. 38,2022-05-22,Venezia,Cagliari,N,0.0,-1.1621621621621632,0.16216216216216228,0.0,0.027027027027026987,3.459459459459481,-11.054054054054063,-0.40540540540540526,-2.3513513513513544,-0.40540540540540526,0.4594594594594592,0.10810810810810811
