,id,h_team,h_goals,a_team,a_goals,result,date,matchday,h_total_shots,h_shots_on_target,a_total_shots,a_shots_on_target,h_goals_on_penalty,h_total_penalties,a_goals_on_penalty,a_total_penalties,h_completed_passings,h_total_passings,a_completed_passings,a_total_passings,h_corners,a_corners,h_fouls,h_yellow_cards,h_red_cards,a_yellow_cards,a_red_cards,a_fouls,h_percentage_possession,a_percentage_possession
0,0,Hellas Verona,2,Sassuolo,3,P,2021-08-21,Giornata n. 1,14.0,3.0,18.0,7.0,1,1,0,0,282.0,361.0,481.0,540.0,7.0,4.0,10.0,3,1,2,0,15.0,40.0,60.0
0,1,Inter,4,Genoa,0,V,2021-08-21,Giornata n. 1,17.0,8.0,10.0,4.0,0,0,0,0,563.0,630.0,365.0,430.0,8.0,2.0,18.0,1,0,2,0,7.0,59.0,41.0
0,2,Torino,1,Atalanta,2,P,2021-08-21,Giornata n. 1,21.0,7.0,7.0,2.0,0,0,0,0,304.0,413.0,328.0,462.0,5.0,1.0,17.0,2,0,2,0,14.0,47.0,53.0
0,3,Empoli,1,Lazio,3,P,2021-08-21,Giornata n. 1,17.0,4.0,7.0,3.0,0,0,1,1,410.0,496.0,517.0,589.0,5.0,3.0,15.0,2,0,1,0,10.0,46.0,54.0
0,4,Udinese,2,Juventus,2,N,2021-08-22,Giornata n. 1,11.0,5.0,10.0,3.0,1,1,0,0,363.0,433.0,480.0,551.0,3.0,3.0,14.0,1,0,3,0,16.0,44.0,56.0
0,5,Napoli,2,Venezia,0,V,2021-08-22,Giornata n. 1,11.0,3.0,8.0,4.0,1,2,0,0,520.0,586.0,395.0,454.0,2.0,2.0,4.0,1,1,7,0,23.0,56.0,44.0
0,6,Bologna,3,Salernitana,2,V,2021-08-22,Giornata n. 1,18.0,7.0,9.0,3.0,0,0,1,1,485.0,588.0,130.0,233.0,9.0,4.0,11.0,6,2,3,1,14.0,72.0,28.0
0,7,Roma,3,Fiorentina,1,V,2021-08-22,Giornata n. 1,11.0,6.0,11.0,8.0,0,0,0,0,334.0,407.0,498.0,564.0,4.0,4.0,13.0,3,1,2,1,14.0,42.0,58.0
0,8,Sampdoria,0,Milan,1,P,2021-08-23,Giornata n. 1,16.0,3.0,11.0,4.0,0,0,0,0,334.0,432.0,349.0,442.0,8.0,3.0,20.0,3,0,1,0,15.0,49.0,51.0
0,9,Cagliari,2,Spezia,2,N,2021-08-23,Giornata n. 1,19.0,6.0,12.0,4.0,1,1,0,0,409.0,519.0,275.0,356.0,11.0,4.0,17.0,2,0,3,0,18.0,59.0,41.0
0,10,Hellas Verona,1,Inter,3,P,2021-08-27,Giornata n. 2,8.0,1.0,16.0,8.0,0,0,0,0,280.0,367.0,388.0,492.0,6.0,4.0,13.0,2,0,2,0,11.0,43.0,57.0
0,11,Udinese,3,Venezia,0,V,2021-08-27,Giornata n. 2,21.0,10.0,11.0,3.0,0,0,0,0,369.0,464.0,473.0,556.0,7.0,2.0,13.0,2,0,3,0,9.0,45.0,55.0
0,12,Juventus,0,Empoli,1,P,2021-08-28,Giornata n. 2,19.0,5.0,12.0,3.0,0,0,0,0,377.0,461.0,292.0,397.0,8.0,9.0,15.0,2,0,3,0,8.0,54.0,46.0
0,13,Lazio,6,Spezia,1,V,2021-08-28,Giornata n. 2,17.0,9.0,5.0,2.0,0,1,0,0,654.0,717.0,376.0,455.0,4.0,2.0,13.0,0,0,2,1,10.0,61.0,39.0
0,14,Atalanta,0,Bologna,0,N,2021-08-28,Giornata n. 2,22.0,3.0,4.0,1.0,0,0,0,0,484.0,598.0,297.0,421.0,5.0,5.0,12.0,2,0,5,0,16.0,59.0,41.0
0,15,Fiorentina,2,Torino,1,V,2021-08-28,Giornata n. 2,9.0,6.0,5.0,1.0,0,0,0,0,363.0,460.0,236.0,325.0,3.0,3.0,14.0,4,0,5,0,30.0,59.0,41.0
0,16,Sassuolo,0,Sampdoria,0,N,2021-08-29,Giornata n. 2,19.0,5.0,11.0,2.0,0,0,0,0,529.0,627.0,261.0,371.0,8.0,6.0,9.0,2,0,2,0,17.0,63.0,37.0
0,17,Genoa,1,Napoli,2,P,2021-08-29,Giornata n. 2,6.0,3.0,13.0,8.0,0,0,0,0,310.0,400.0,532.0,622.0,4.0,5.0,20.0,2,0,3,0,18.0,39.0,61.0
0,18,Milan,4,Cagliari,1,V,2021-08-29,Giornata n. 2,17.0,4.0,7.0,2.0,1,1,0,0,495.0,562.0,359.0,423.0,8.0,3.0,15.0,1,0,5,0,12.0,57.0,43.0
0,19,Salernitana,0,Roma,4,P,2021-08-29,Giornata n. 2,5.0,0.0,28.0,9.0,0,0,0,0,114.0,219.0,664.0,752.0,1.0,10.0,14.0,2,0,2,0,11.0,23.0,77.0
0,20,Atalanta,1,Fiorentina,2,P,2021-09-11,Giornata n. 3,12.0,4.0,5.0,0.0,1,1,2,2,463.0,555.0,374.0,454.0,10.0,3.0,13.0,4,0,4,0,21.0,55.0,45.0
0,21,Empoli,1,Venezia,2,P,2021-09-11,Giornata n. 3,21.0,5.0,10.0,3.0,1,1,0,0,499.0,607.0,199.0,275.0,8.0,2.0,13.0,2,0,5,0,25.0,69.0,31.0
0,22,Napoli,2,Juventus,1,V,2021-09-11,Giornata n. 3,25.0,7.0,8.0,4.0,0,0,0,0,585.0,666.0,264.0,330.0,13.0,1.0,15.0,2,0,1,0,16.0,67.0,33.0
0,23,Cagliari,2,Genoa,3,P,2021-09-12,Giornata n. 3,8.0,2.0,11.0,3.0,1,1,0,0,435.0,534.0,395.0,475.0,2.0,6.0,16.0,2,0,3,0,16.0,53.0,47.0
0,24,Spezia,0,Udinese,1,P,2021-09-12,Giornata n. 3,20.0,5.0,9.0,4.0,0,0,0,0,432.0,520.0,332.0,405.0,4.0,5.0,13.0,1,0,2,0,18.0,56.0,44.0
0,25,Sampdoria,2,Inter,2,N,2021-09-12,Giornata n. 3,14.0,2.0,8.0,3.0,0,0,0,0,360.0,455.0,318.0,418.0,4.0,4.0,14.0,4,0,4,0,14.0,52.0,48.0
0,26,Roma,2,Sassuolo,1,V,2021-09-12,Giornata n. 3,18.0,6.0,14.0,7.0,0,0,0,0,413.0,480.0,438.0,508.0,4.0,6.0,7.0,2,0,1,0,11.0,49.0,51.0
0,27,Milan,2,Lazio,0,V,2021-09-12,Giornata n. 3,20.0,3.0,8.0,5.0,0,1,0,0,416.0,503.0,488.0,570.0,5.0,1.0,12.0,1,0,4,0,19.0,47.0,53.0
0,28,Torino,4,Salernitana,0,V,2021-09-12,Giornata n. 3,15.0,5.0,8.0,2.0,0,0,0,0,453.0,544.0,263.0,367.0,7.0,4.0,11.0,0,0,2,0,11.0,60.0,40.0
0,29,Bologna,1,Hellas Verona,0,V,2021-09-13,Giornata n. 3,16.0,4.0,5.0,0.0,0,0,0,0,257.0,362.0,393.0,480.0,6.0,2.0,16.0,1,0,3,0,24.0,43.0,57.0
0,30,Sassuolo,0,Torino,1,P,2021-09-17,Giornata n. 4,10.0,2.0,18.0,3.0,0,0,0,0,390.0,485.0,361.0,445.0,6.0,3.0,9.0,0,0,4,0,24.0,52.0,48.0
0,31,Inter,6,Bologna,1,V,2021-09-18,Giornata n. 4,19.0,11.0,8.0,2.0,0,0,0,0,412.0,464.0,486.0,546.0,5.0,1.0,11.0,0,0,3,0,11.0,46.0,54.0
0,32,Genoa,1,Fiorentina,2,P,2021-09-18,Giornata n. 4,8.0,2.0,16.0,5.0,1,1,0,0,288.0,369.0,531.0,617.0,1.0,11.0,14.0,4,0,4,0,17.0,37.0,63.0
0,33,Salernitana,0,Atalanta,1,P,2021-09-18,Giornata n. 4,11.0,1.0,10.0,3.0,0,0,0,0,310.0,425.0,473.0,567.0,6.0,4.0,22.0,4,0,4,0,15.0,43.0,57.0
0,34,Lazio,2,Cagliari,2,N,2021-09-19,Giornata n. 4,28.0,10.0,10.0,3.0,0,0,0,0,646.0,748.0,198.0,296.0,10.0,1.0,5.0,1,0,3,1,13.0,72.0,28.0
0,35,Empoli,0,Sampdoria,3,P,2021-09-19,Giornata n. 4,15.0,4.0,14.0,8.0,0,0,0,0,349.0,456.0,294.0,400.0,8.0,8.0,11.0,2,0,2,0,15.0,53.0,47.0
0,36,Hellas Verona,3,Roma,2,V,2021-09-19,Giornata n. 4,10.0,6.0,15.0,2.0,0,0,0,0,367.0,468.0,294.0,410.0,3.0,8.0,18.0,4,0,2,0,17.0,53.0,47.0
0,37,Venezia,1,Spezia,2,P,2021-09-19,Giornata n. 4,14.0,3.0,12.0,3.0,0,0,0,0,320.0,425.0,403.0,522.0,3.0,10.0,15.0,4,0,1,0,11.0,45.0,55.0
0,38,Juventus,1,Milan,1,N,2021-09-19,Giornata n. 4,9.0,4.0,13.0,3.0,0,0,0,0,343.0,413.0,459.0,528.0,4.0,4.0,15.0,1,0,1,0,16.0,44.0,56.0
0,39,Udinese,0,Napoli,4,P,2021-09-20,Giornata n. 4,9.0,1.0,18.0,8.0,0,0,0,0,346.0,403.0,618.0,683.0,2.0,5.0,12.0,2,0,1,0,12.0,37.0,63.0
0,40,Fiorentina,1,Inter,3,P,2021-09-21,Giornata n. 5,14.0,6.0,17.0,5.0,0,0,0,0,452.0,530.0,400.0,472.0,4.0,8.0,13.0,2,1,3,0,17.0,53.0,47.0
0,41,Bologna,2,Genoa,2,N,2021-09-21,Giornata n. 5,16.0,4.0,10.0,5.0,1,1,1,1,471.0,567.0,292.0,392.0,6.0,2.0,15.0,3,0,4,0,19.0,59.0,41.0
0,42,Atalanta,2,Sassuolo,1,V,2021-09-21,Giornata n. 5,14.0,5.0,8.0,1.0,0,0,0,0,398.0,484.0,431.0,542.0,5.0,5.0,21.0,2,0,2,0,18.0,47.0,53.0
0,43,Salernitana,2,Hellas Verona,2,N,2021-09-22,Giornata n. 5,15.0,4.0,9.0,5.0,0,0,0,0,304.0,420.0,314.0,423.0,4.0,5.0,13.0,2,0,3,0,19.0,50.0,50.0
0,44,Cagliari,0,Empoli,2,P,2021-09-22,Giornata n. 5,15.0,1.0,18.0,5.0,0,0,0,0,376.0,489.0,394.0,499.0,7.0,4.0,15.0,2,0,1,0,14.0,49.0,51.0
0,45,Milan,2,Venezia,0,V,2021-09-22,Giornata n. 5,14.0,4.0,8.0,2.0,0,0,0,0,587.0,677.0,257.0,340.0,4.0,4.0,15.0,0,0,2,0,14.0,67.0,33.0
0,46,Spezia,2,Juventus,3,P,2021-09-22,Giornata n. 5,10.0,4.0,26.0,9.0,0,0,0,0,293.0,376.0,458.0,548.0,5.0,15.0,15.0,2,0,1,0,10.0,41.0,59.0
0,47,Torino,1,Lazio,1,N,2021-09-23,Giornata n. 5,16.0,5.0,5.0,1.0,0,0,1,1,313.0,416.0,378.0,499.0,6.0,5.0,21.0,3,0,3,0,9.0,45.0,55.0
0,48,Sampdoria,0,Napoli,4,P,2021-09-23,Giornata n. 5,13.0,5.0,17.0,9.0,0,0,0,0,414.0,509.0,481.0,552.0,5.0,5.0,11.0,2,0,1,0,8.0,48.0,52.0
0,49,Roma,1,Udinese,0,V,2021-09-23,Giornata n. 5,12.0,2.0,8.0,2.0,0,0,0,0,455.0,544.0,421.0,511.0,6.0,6.0,23.0,4,1,1,0,8.0,52.0,48.0
0,50,Genoa,3,Hellas Verona,3,N,2021-09-25,Giornata n. 6,10.0,3.0,11.0,6.0,1,1,1,1,351.0,464.0,358.0,475.0,3.0,2.0,15.0,3,0,1,0,15.0,49.0,51.0
0,51,Inter,2,Atalanta,2,N,2021-09-25,Giornata n. 6,17.0,6.0,21.0,5.0,0,1,0,0,337.0,430.0,351.0,429.0,4.0,11.0,16.0,3,0,5,0,12.0,50.0,50.0
0,52,Spezia,1,Milan,2,P,2021-09-25,Giornata n. 6,8.0,2.0,18.0,5.0,0,0,0,0,242.0,319.0,461.0,557.0,2.0,4.0,13.0,2,0,2,0,12.0,36.0,64.0
0,53,Napoli,2,Cagliari,0,V,2021-09-26,Giornata n. 6,16.0,6.0,6.0,0.0,1,1,0,0,696.0,766.0,297.0,375.0,6.0,4.0,11.0,2,0,1,0,13.0,67.0,33.0
0,54,Sassuolo,1,Salernitana,0,V,2021-09-26,Giornata n. 6,17.0,6.0,12.0,4.0,0,0,0,0,409.0,491.0,277.0,371.0,4.0,8.0,17.0,3,0,3,0,18.0,57.0,43.0
0,55,Lazio,3,Roma,2,V,2021-09-26,Giornata n. 6,10.0,4.0,19.0,6.0,0,0,1,1,406.0,475.0,409.0,481.0,1.0,9.0,16.0,2,0,4,0,14.0,50.0,50.0
0,56,Empoli,4,Bologna,2,V,2021-09-26,Giornata n. 6,14.0,6.0,20.0,5.0,1,1,0,1,219.0,299.0,420.0,500.0,2.0,10.0,16.0,2,0,2,0,22.0,37.0,63.0
0,57,Udinese,0,Fiorentina,1,P,2021-09-26,Giornata n. 6,12.0,5.0,7.0,1.0,0,0,1,1,423.0,506.0,518.0,599.0,4.0,1.0,17.0,2,0,3,0,14.0,46.0,54.0
0,58,Juventus,3,Sampdoria,2,V,2021-09-26,Giornata n. 6,15.0,5.0,6.0,3.0,1,1,0,0,387.0,478.0,391.0,487.0,4.0,2.0,24.0,4,0,3,0,18.0,50.0,50.0
0,59,Venezia,1,Torino,1,N,2021-09-27,Giornata n. 6,6.0,0.0,8.0,3.0,1,1,0,0,300.0,404.0,417.0,521.0,4.0,1.0,9.0,1,0,4,1,20.0,44.0,56.0
0,60,Cagliari,1,Venezia,1,N,2021-10-01,Giornata n. 7,9.0,3.0,12.0,4.0,0,0,0,0,310.0,401.0,455.0,548.0,2.0,4.0,16.0,2,0,5,0,20.0,42.0,58.0
0,61,Salernitana,1,Genoa,0,V,2021-10-02,Giornata n. 7,10.0,4.0,18.0,3.0,0,0,0,0,308.0,419.0,336.0,427.0,9.0,8.0,20.0,2,0,2,0,19.0,50.0,50.0
0,62,Sassuolo,1,Inter,2,P,2021-10-02,Giornata n. 7,11.0,7.0,16.0,2.0,1,1,1,1,432.0,524.0,348.0,436.0,6.0,8.0,11.0,4,0,2,0,21.0,55.0,45.0
0,63,Torino,0,Juventus,1,P,2021-10-02,Giornata n. 7,13.0,2.0,10.0,3.0,0,0,0,0,347.0,452.0,386.0,488.0,4.0,6.0,23.0,3,0,1,0,16.0,48.0,52.0
0,64,Roma,2,Empoli,0,V,2021-10-03,Giornata n. 7,18.0,5.0,12.0,3.0,0,0,0,0,580.0,644.0,304.0,368.0,5.0,5.0,13.0,2,0,3,0,17.0,64.0,36.0
0,65,Bologna,3,Lazio,0,V,2021-10-03,Giornata n. 7,10.0,3.0,8.0,4.0,0,0,0,0,378.0,462.0,570.0,665.0,3.0,3.0,7.0,2,0,5,1,18.0,41.0,59.0
0,66,Hellas Verona,4,Spezia,0,V,2021-10-03,Giornata n. 7,6.0,4.0,12.0,4.0,0,0,0,0,345.0,428.0,444.0,525.0,1.0,5.0,17.0,1,0,1,1,12.0,45.0,55.0
0,67,Fiorentina,1,Napoli,2,P,2021-10-03,Giornata n. 7,10.0,3.0,11.0,4.0,0,0,0,1,424.0,511.0,344.0,418.0,8.0,2.0,18.0,3,0,3,0,13.0,55.0,45.0
0,68,Atalanta,2,Milan,3,P,2021-10-03,Giornata n. 7,16.0,4.0,13.0,7.0,1,1,0,0,406.0,499.0,311.0,397.0,9.0,5.0,13.0,1,0,4,0,16.0,56.0,44.0
0,69,Sampdoria,3,Udinese,3,N,2021-10-03,Giornata n. 7,11.0,2.0,18.0,7.0,1,1,0,0,365.0,450.0,294.0,382.0,6.0,8.0,14.0,4,0,5,0,19.0,54.0,46.0
0,70,Spezia,2,Salernitana,1,V,2021-10-16,Giornata n. 8,18.0,5.0,15.0,4.0,0,0,0,0,384.0,505.0,244.0,352.0,10.0,2.0,16.0,2,0,3,0,17.0,59.0,41.0
0,71,Lazio,3,Inter,1,V,2021-10-16,Giornata n. 8,18.0,7.0,11.0,3.0,1,1,1,1,533.0,595.0,470.0,554.0,7.0,3.0,13.0,3,1,6,0,12.0,52.0,48.0
0,72,Milan,3,Hellas Verona,2,V,2021-10-16,Giornata n. 8,16.0,3.0,9.0,4.0,1,1,1,1,338.0,451.0,285.0,395.0,5.0,4.0,11.0,1,0,4,0,21.0,53.0,47.0
0,73,Napoli,1,Torino,0,V,2021-10-17,Giornata n. 8,10.0,2.0,11.0,3.0,0,1,0,0,333.0,440.0,306.0,418.0,3.0,4.0,6.0,2,0,4,0,25.0,51.0,49.0
0,74,Juventus,1,Roma,0,V,2021-10-17,Giornata n. 8,7.0,3.0,14.0,3.0,0,0,0,1,426.0,505.0,470.0,561.0,0.0,6.0,20.0,3,0,5,0,15.0,47.0,53.0
0,75,Genoa,2,Sassuolo,2,N,2021-10-17,Giornata n. 8,19.0,4.0,15.0,5.0,0,0,0,0,283.0,383.0,439.0,517.0,6.0,1.0,12.0,3,0,4,0,22.0,43.0,57.0
0,76,Empoli,1,Atalanta,4,P,2021-10-17,Giornata n. 8,13.0,4.0,21.0,7.0,0,0,0,1,355.0,459.0,401.0,490.0,5.0,4.0,11.0,3,0,2,0,17.0,48.0,52.0
0,77,Cagliari,3,Sampdoria,1,V,2021-10-17,Giornata n. 8,12.0,5.0,17.0,3.0,0,0,0,0,228.0,329.0,391.0,507.0,5.0,9.0,15.0,4,0,2,0,18.0,39.0,61.0
0,78,Udinese,1,Bologna,1,N,2021-10-17,Giornata n. 8,10.0,2.0,24.0,11.0,0,0,0,0,295.0,370.0,460.0,526.0,2.0,8.0,16.0,3,1,7,0,11.0,41.0,59.0
0,79,Venezia,1,Fiorentina,0,V,2021-10-18,Giornata n. 8,4.0,2.0,11.0,3.0,0,0,0,0,294.0,396.0,535.0,627.0,2.0,5.0,16.0,2,0,5,1,11.0,39.0,61.0
0,80,Sampdoria,2,Spezia,1,V,2021-10-22,Giornata n. 9,6.0,2.0,17.0,7.0,0,0,0,0,195.0,302.0,571.0,700.0,0.0,8.0,10.0,3,0,1,0,9.0,30.0,70.0
0,81,Torino,3,Genoa,2,V,2021-10-22,Giornata n. 9,17.0,6.0,14.0,4.0,0,0,0,0,377.0,491.0,236.0,354.0,2.0,4.0,19.0,2,0,3,0,24.0,58.0,42.0
0,82,Salernitana,2,Empoli,4,P,2021-10-23,Giornata n. 9,12.0,5.0,9.0,4.0,0,0,1,1,426.0,537.0,268.0,371.0,7.0,2.0,16.0,1,0,3,0,17.0,59.0,41.0
0,83,Sassuolo,3,Venezia,1,V,2021-10-23,Giornata n. 9,14.0,7.0,7.0,1.0,0,0,0,0,584.0,654.0,304.0,388.0,5.0,4.0,14.0,1,0,2,0,17.0,63.0,37.0
0,84,Bologna,2,Milan,4,P,2021-10-23,Giornata n. 9,9.0,4.0,15.0,7.0,0,0,0,0,305.0,382.0,561.0,636.0,4.0,1.0,9.0,1,2,3,0,17.0,38.0,62.0
0,85,Hellas Verona,4,Lazio,1,V,2021-10-24,Giornata n. 9,16.0,7.0,9.0,4.0,0,0,0,0,416.0,525.0,428.0,543.0,3.0,4.0,15.0,2,0,2,0,17.0,49.0,51.0
0,86,Roma,0,Napoli,0,N,2021-10-24,Giornata n. 9,13.0,1.0,11.0,2.0,0,0,0,0,277.0,352.0,485.0,568.0,7.0,4.0,14.0,4,0,1,0,10.0,38.0,62.0
0,87,Inter,1,Juventus,1,N,2021-10-24,Giornata n. 9,10.0,2.0,15.0,3.0,0,0,1,1,407.0,515.0,443.0,533.0,5.0,2.0,17.0,2,0,2,0,19.0,49.0,51.0
0,88,Atalanta,1,Udinese,1,N,2021-10-24,Giornata n. 9,8.0,3.0,9.0,3.0,0,0,0,0,582.0,683.0,239.0,333.0,6.0,3.0,16.0,2,0,2,0,17.0,67.0,33.0
0,89,Fiorentina,3,Cagliari,0,V,2021-10-24,Giornata n. 9,20.0,4.0,3.0,1.0,1,1,0,0,583.0,659.0,269.0,358.0,4.0,1.0,11.0,0,0,2,0,15.0,65.0,35.0
0,90,Venezia,1,Salernitana,2,P,2021-10-26,Giornata n. 10,8.0,4.0,21.0,7.0,0,0,0,0,347.0,441.0,440.0,535.0,4.0,5.0,19.0,3,1,3,0,16.0,45.0,55.0
0,91,Milan,1,Torino,0,V,2021-10-26,Giornata n. 10,10.0,2.0,13.0,2.0,0,0,0,0,316.0,412.0,415.0,519.0,2.0,5.0,15.0,3,0,3,0,22.0,44.0,56.0
0,92,Spezia,1,Genoa,1,N,2021-10-26,Giornata n. 10,13.0,3.0,8.0,1.0,0,0,1,1,319.0,436.0,368.0,493.0,3.0,3.0,15.0,2,0,4,0,17.0,47.0,53.0
0,93,Udinese,1,Hellas Verona,1,N,2021-10-27,Giornata n. 10,16.0,5.0,4.0,1.0,0,0,1,1,202.0,305.0,487.0,583.0,7.0,4.0,15.0,1,0,2,0,12.0,34.0,66.0
0,94,Juventus,1,Sassuolo,2,P,2021-10-27,Giornata n. 10,14.0,2.0,8.0,4.0,0,0,0,0,471.0,558.0,346.0,426.0,4.0,4.0,23.0,1,0,5,0,18.0,57.0,43.0
0,95,Lazio,1,Fiorentina,0,V,2021-10-27,Giornata n. 10,5.0,2.0,9.0,1.0,0,0,0,0,472.0,555.0,485.0,573.0,3.0,6.0,17.0,3,0,3,0,14.0,49.0,51.0
0,96,Sampdoria,1,Atalanta,3,P,2021-10-27,Giornata n. 10,8.0,3.0,13.0,4.0,0,0,0,0,282.0,414.0,499.0,611.0,3.0,3.0,16.0,4,0,3,0,19.0,40.0,60.0
0,97,Empoli,0,Inter,2,P,2021-10-27,Giornata n. 10,9.0,1.0,21.0,9.0,0,0,0,0,235.0,301.0,607.0,684.0,5.0,6.0,22.0,1,1,3,0,16.0,31.0,69.0
0,98,Cagliari,1,Roma,2,P,2021-10-27,Giornata n. 10,7.0,5.0,23.0,3.0,0,0,0,0,264.0,355.0,402.0,488.0,2.0,10.0,18.0,3,0,4,0,19.0,42.0,58.0
0,99,Napoli,3,Bologna,0,V,2021-10-28,Giornata n. 10,16.0,4.0,8.0,1.0,2,2,0,0,665.0,719.0,324.0,392.0,4.0,2.0,20.0,1,0,1,0,6.0,65.0,35.0
0,100,Torino,3,Sampdoria,0,V,2021-10-30,Giornata n. 11,16.0,5.0,5.0,1.0,0,0,0,0,515.0,620.0,238.0,359.0,4.0,5.0,20.0,2,0,4,1,10.0,63.0,37.0
0,101,Hellas Verona,2,Juventus,1,V,2021-10-30,Giornata n. 11,12.0,5.0,15.0,4.0,0,0,0,0,385.0,487.0,477.0,590.0,4.0,1.0,25.0,4,0,3,0,7.0,45.0,55.0
0,102,Atalanta,2,Lazio,2,N,2021-10-30,Giornata n. 11,17.0,3.0,8.0,5.0,0,0,0,0,531.0,634.0,395.0,489.0,6.0,2.0,14.0,1,0,3,0,15.0,56.0,44.0
0,103,Fiorentina,3,Spezia,0,V,2021-10-31,Giornata n. 11,26.0,11.0,3.0,0.0,1,1,0,0,419.0,491.0,334.0,403.0,7.0,4.0,10.0,4,0,3,0,23.0,55.0,45.0
0,104,Genoa,0,Venezia,0,N,2021-10-31,Giornata n. 11,19.0,4.0,6.0,2.0,0,0,0,0,404.0,537.0,235.0,328.0,12.0,4.0,16.0,1,0,3,0,16.0,62.0,38.0
0,105,Salernitana,0,Napoli,1,P,2021-10-31,Giornata n. 11,9.0,2.0,18.0,4.0,0,0,0,0,254.0,340.0,482.0,561.0,4.0,4.0,10.0,0,1,2,1,13.0,38.0,62.0
0,106,Inter,2,Udinese,0,V,2021-10-31,Giornata n. 11,15.0,5.0,9.0,5.0,0,0,0,0,592.0,668.0,267.0,350.0,6.0,4.0,11.0,0,0,2,0,16.0,66.0,34.0
0,107,Roma,1,Milan,2,P,2021-10-31,Giornata n. 11,24.0,6.0,7.0,2.0,0,0,1,1,351.0,425.0,357.0,431.0,5.0,2.0,23.0,4,0,7,1,14.0,50.0,50.0
0,108,Sassuolo,1,Empoli,2,P,2021-10-31,Giornata n. 11,15.0,5.0,13.0,4.0,0,0,1,1,471.0,549.0,323.0,418.0,4.0,6.0,20.0,4,0,2,0,15.0,57.0,43.0
0,109,Bologna,2,Cagliari,0,V,2021-11-01,Giornata n. 11,8.0,3.0,9.0,2.0,0,0,0,0,553.0,638.0,400.0,476.0,5.0,2.0,13.0,3,0,2,1,10.0,57.0,43.0
0,110,Empoli,2,Genoa,2,N,2021-11-05,Giornata n. 12,10.0,2.0,14.0,6.0,0,0,1,1,341.0,467.0,302.0,417.0,4.0,5.0,9.0,0,0,4,0,22.0,53.0,47.0
0,111,Cagliari,1,Atalanta,2,P,2021-11-06,Giornata n. 12,7.0,1.0,20.0,8.0,0,0,0,0,287.0,389.0,539.0,641.0,2.0,7.0,16.0,1,0,1,0,10.0,38.0,62.0
0,112,Juventus,1,Fiorentina,0,V,2021-11-06,Giornata n. 12,13.0,3.0,6.0,1.0,0,0,0,0,344.0,428.0,335.0,426.0,5.0,5.0,17.0,2,0,4,1,17.0,50.0,50.0
0,113,Spezia,1,Torino,0,V,2021-11-06,Giornata n. 12,7.0,3.0,10.0,1.0,0,0,0,0,255.0,360.0,420.0,522.0,2.0,3.0,16.0,3,0,3,0,19.0,41.0,59.0
0,114,Udinese,3,Sassuolo,2,V,2021-11-07,Giornata n. 12,13.0,2.0,10.0,4.0,0,0,0,0,285.0,378.0,513.0,616.0,1.0,5.0,14.0,3,1,3,0,15.0,38.0,62.0
0,115,Milan,1,Inter,1,N,2021-11-07,Giornata n. 12,16.0,4.0,12.0,0.0,0,0,1,2,356.0,436.0,333.0,426.0,4.0,8.0,17.0,1,0,0,0,11.0,51.0,49.0
0,116,Sampdoria,1,Bologna,2,P,2021-11-07,Giornata n. 12,10.0,4.0,14.0,6.0,0,0,0,0,317.0,455.0,410.0,516.0,6.0,5.0,16.0,4,0,1,0,14.0,47.0,53.0
0,117,Venezia,3,Roma,2,V,2021-11-07,Giornata n. 12,12.0,6.0,28.0,8.0,1,1,0,0,269.0,348.0,430.0,535.0,4.0,11.0,13.0,2,0,2,0,19.0,39.0,61.0
0,118,Lazio,3,Salernitana,0,V,2021-11-07,Giornata n. 12,17.0,5.0,5.0,0.0,0,0,0,0,640.0,712.0,404.0,476.0,5.0,1.0,8.0,1,0,2,0,14.0,60.0,40.0
0,119,Napoli,1,Hellas Verona,1,N,2021-11-07,Giornata n. 12,16.0,1.0,11.0,3.0,0,0,0,0,454.0,543.0,304.0,390.0,3.0,2.0,16.0,2,0,7,2,18.0,58.0,42.0
0,120,Fiorentina,4,Milan,3,V,2021-11-20,Giornata n. 13,9.0,5.0,16.0,6.0,0,0,0,0,361.0,449.0,452.0,542.0,5.0,6.0,7.0,1,0,1,0,13.0,45.0,55.0
0,121,Atalanta,5,Spezia,2,V,2021-11-20,Giornata n. 13,17.0,8.0,10.0,5.0,1,1,0,0,449.0,529.0,417.0,519.0,0.0,6.0,11.0,2,0,3,0,13.0,50.0,50.0
0,122,Lazio,0,Juventus,2,P,2021-11-20,Giornata n. 13,8.0,1.0,9.0,3.0,0,0,2,2,580.0,662.0,431.0,505.0,3.0,2.0,12.0,3,0,1,0,16.0,57.0,43.0
0,123,Sassuolo,2,Cagliari,2,N,2021-11-21,Giornata n. 13,19.0,3.0,10.0,3.0,1,1,1,1,469.0,545.0,297.0,392.0,6.0,5.0,13.0,1,0,2,0,11.0,58.0,42.0
0,124,Inter,3,Napoli,2,V,2021-11-21,Giornata n. 13,16.0,6.0,9.0,3.0,1,1,0,0,328.0,408.0,431.0,517.0,4.0,1.0,18.0,4,0,3,0,19.0,44.0,56.0
0,125,Genoa,0,Roma,2,P,2021-11-21,Giornata n. 13,1.0,1.0,18.0,3.0,0,0,0,0,342.0,425.0,515.0,609.0,2.0,7.0,12.0,3,0,2,0,15.0,41.0,59.0
0,126,Bologna,0,Venezia,1,P,2021-11-21,Giornata n. 13,24.0,6.0,8.0,6.0,0,0,0,0,603.0,711.0,282.0,353.0,17.0,0.0,6.0,0,0,3,0,11.0,67.0,33.0
0,127,Salernitana,0,Sampdoria,2,P,2021-11-21,Giornata n. 13,18.0,3.0,13.0,6.0,0,0,0,0,373.0,489.0,301.0,405.0,13.0,3.0,12.0,0,0,3,0,22.0,55.0,45.0
0,128,Torino,2,Udinese,1,V,2021-11-22,Giornata n. 13,14.0,3.0,18.0,7.0,0,0,0,0,367.0,479.0,351.0,461.0,4.0,7.0,20.0,1,0,3,0,21.0,51.0,49.0
0,129,Hellas Verona,2,Empoli,1,V,2021-11-22,Giornata n. 13,22.0,4.0,9.0,3.0,0,0,0,0,403.0,515.0,278.0,401.0,1.0,3.0,8.0,1,0,3,0,14.0,56.0,44.0
0,130,Cagliari,1,Salernitana,1,N,2021-11-26,Giornata n. 14,19.0,3.0,8.0,2.0,0,0,0,0,401.0,505.0,273.0,374.0,7.0,6.0,16.0,3,0,1,0,10.0,57.0,43.0
0,131,Sampdoria,3,Hellas Verona,1,V,2021-11-27,Giornata n. 14,15.0,6.0,15.0,4.0,0,0,0,0,246.0,365.0,405.0,495.0,4.0,5.0,16.0,4,0,1,0,17.0,42.0,58.0
0,132,Venezia,0,Inter,2,P,2021-11-27,Giornata n. 14,6.0,1.0,26.0,10.0,0,0,1,1,412.0,492.0,540.0,619.0,3.0,9.0,13.0,2,0,0,0,8.0,44.0,56.0
0,133,Empoli,2,Fiorentina,1,V,2021-11-27,Giornata n. 14,17.0,5.0,16.0,7.0,0,0,0,0,374.0,475.0,372.0,465.0,8.0,5.0,18.0,1,0,1,0,11.0,51.0,49.0
0,134,Juventus,0,Atalanta,1,P,2021-11-27,Giornata n. 14,15.0,2.0,7.0,1.0,0,0,0,0,491.0,586.0,307.0,405.0,6.0,4.0,16.0,4,0,5,0,23.0,59.0,41.0
0,135,Udinese,0,Genoa,0,N,2021-11-28,Giornata n. 14,16.0,3.0,9.0,2.0,0,0,0,0,323.0,416.0,446.0,554.0,8.0,1.0,19.0,3,0,4,0,11.0,43.0,57.0
0,136,Spezia,0,Bologna,1,P,2021-11-28,Giornata n. 14,14.0,6.0,16.0,4.0,0,0,1,1,330.0,419.0,463.0,561.0,3.0,6.0,17.0,3,0,1,0,12.0,43.0,57.0
0,137,Milan,1,Sassuolo,3,P,2021-11-28,Giornata n. 14,15.0,2.0,15.0,5.0,0,0,0,0,357.0,452.0,367.0,458.0,7.0,6.0,15.0,4,1,2,0,8.0,50.0,50.0
0,138,Napoli,4,Lazio,0,V,2021-11-28,Giornata n. 14,18.0,8.0,6.0,2.0,0,0,0,0,759.0,822.0,446.0,514.0,1.0,3.0,12.0,2,0,4,0,15.0,62.0,38.0
0,139,Roma,1,Torino,0,V,2021-11-28,Giornata n. 14,10.0,2.0,18.0,3.0,0,0,0,0,227.0,306.0,540.0,648.0,2.0,9.0,8.0,2,0,1,0,11.0,32.0,68.0
0,140,Atalanta,4,Venezia,0,V,2021-11-30,Giornata n. 15,19.0,6.0,8.0,4.0,0,0,0,0,551.0,636.0,372.0,461.0,4.0,2.0,12.0,0,0,1,0,12.0,58.0,42.0
0,141,Fiorentina,3,Sampdoria,1,V,2021-11-30,Giornata n. 15,17.0,7.0,11.0,4.0,0,0,0,0,533.0,612.0,311.0,411.0,3.0,6.0,6.0,0,0,3,0,17.0,60.0,40.0
0,142,Hellas Verona,0,Cagliari,0,N,2021-11-30,Giornata n. 15,15.0,6.0,12.0,3.0,0,0,0,0,524.0,639.0,174.0,295.0,11.0,1.0,17.0,3,0,2,0,14.0,68.0,32.0
0,143,Salernitana,0,Juventus,2,P,2021-11-30,Giornata n. 15,4.0,0.0,17.0,7.0,0,0,0,1,241.0,321.0,775.0,850.0,4.0,4.0,15.0,1,0,1,0,11.0,27.0,73.0
0,144,Sassuolo,2,Napoli,2,N,2021-12-01,Giornata n. 15,9.0,7.0,9.0,4.0,0,0,0,0,441.0,508.0,413.0,502.0,5.0,4.0,11.0,4,0,2,0,20.0,50.0,50.0
0,145,Bologna,1,Roma,0,V,2021-12-01,Giornata n. 15,6.0,3.0,13.0,5.0,0,0,0,0,325.0,421.0,478.0,571.0,3.0,3.0,9.0,3,0,4,0,18.0,42.0,58.0
0,146,Genoa,0,Milan,3,P,2021-12-01,Giornata n. 15,11.0,3.0,18.0,5.0,0,0,0,0,365.0,442.0,518.0,604.0,2.0,6.0,15.0,2,0,1,0,16.0,42.0,58.0
0,147,Inter,2,Spezia,0,V,2021-12-01,Giornata n. 15,30.0,10.0,7.0,4.0,1,1,0,0,618.0,697.0,334.0,411.0,11.0,1.0,19.0,1,0,2,0,14.0,63.0,37.0
0,148,Torino,2,Empoli,2,N,2021-12-02,Giornata n. 15,10.0,3.0,17.0,5.0,0,0,0,0,259.0,338.0,372.0,480.0,1.0,11.0,8.0,1,1,3,0,17.0,41.0,59.0
0,149,Lazio,4,Udinese,4,N,2021-12-02,Giornata n. 15,13.0,5.0,13.0,5.0,0,0,0,0,517.0,607.0,299.0,374.0,5.0,4.0,11.0,3,1,5,2,12.0,62.0,38.0
0,150,Milan,2,Salernitana,0,V,2021-12-04,Giornata n. 16,22.0,7.0,7.0,2.0,0,0,0,0,668.0,749.0,236.0,317.0,9.0,5.0,11.0,1,0,2,0,11.0,70.0,30.0
0,151,Roma,0,Inter,3,P,2021-12-04,Giornata n. 16,9.0,1.0,10.0,4.0,0,0,0,0,357.0,414.0,736.0,803.0,4.0,3.0,12.0,3,0,1,0,7.0,34.0,66.0
0,152,Napoli,2,Atalanta,3,P,2021-12-04,Giornata n. 16,15.0,4.0,21.0,7.0,0,0,0,0,481.0,568.0,391.0,466.0,6.0,7.0,19.0,2,0,3,0,21.0,55.0,45.0
0,153,Venezia,3,Hellas Verona,4,P,2021-12-05,Giornata n. 16,9.0,5.0,15.0,5.0,0,0,1,1,281.0,384.0,376.0,483.0,1.0,6.0,12.0,2,1,2,0,15.0,44.0,56.0
0,154,Spezia,2,Sassuolo,2,N,2021-12-05,Giornata n. 16,9.0,4.0,20.0,5.0,0,0,0,0,264.0,352.0,566.0,649.0,2.0,5.0,15.0,4,0,3,0,10.0,35.0,65.0
0,155,Sampdoria,1,Lazio,3,P,2021-12-05,Giornata n. 16,18.0,5.0,6.0,5.0,0,0,0,0,443.0,560.0,503.0,600.0,7.0,0.0,16.0,4,0,3,1,10.0,48.0,52.0
0,156,Bologna,2,Fiorentina,3,P,2021-12-05,Giornata n. 16,8.0,3.0,5.0,2.0,0,0,1,1,288.0,366.0,534.0,622.0,0.0,2.0,12.0,3,0,3,0,16.0,37.0,63.0
0,157,Juventus,2,Genoa,0,V,2021-12-05,Giornata n. 16,27.0,12.0,0.0,0.0,0,0,0,0,705.0,785.0,253.0,340.0,4.0,1.0,15.0,3,0,1,0,8.0,70.0,30.0
0,158,Cagliari,1,Torino,1,N,2021-12-06,Giornata n. 16,16.0,2.0,8.0,3.0,0,0,0,0,288.0,440.0,285.0,408.0,5.0,2.0,12.0,2,0,4,0,28.0,52.0,48.0
0,159,Empoli,3,Udinese,1,V,2021-12-06,Giornata n. 16,22.0,8.0,19.0,8.0,0,0,0,0,442.0,536.0,319.0,411.0,8.0,6.0,15.0,4,0,3,0,20.0,57.0,43.0
0,160,Genoa,1,Sampdoria,3,P,2021-12-10,Giornata n. 17,12.0,2.0,14.0,5.0,0,0,0,0,360.0,493.0,284.0,423.0,8.0,3.0,15.0,2,0,2,0,18.0,54.0,46.0
0,161,Udinese,1,Milan,1,N,2021-12-11,Giornata n. 17,11.0,6.0,12.0,1.0,0,0,0,0,259.0,348.0,572.0,687.0,3.0,5.0,21.0,2,1,2,0,11.0,34.0,66.0
0,162,Fiorentina,4,Salernitana,0,V,2021-12-11,Giornata n. 17,17.0,9.0,11.0,6.0,0,0,0,0,678.0,768.0,251.0,336.0,1.0,3.0,10.0,1,0,1,0,12.0,70.0,30.0
0,163,Venezia,1,Juventus,1,N,2021-12-11,Giornata n. 17,13.0,4.0,20.0,6.0,0,0,0,0,302.0,404.0,501.0,611.0,3.0,11.0,20.0,4,0,2,0,13.0,40.0,60.0
0,164,Napoli,0,Empoli,1,P,2021-12-12,Giornata n. 17,30.0,6.0,12.0,5.0,0,0,0,0,522.0,616.0,334.0,418.0,10.0,3.0,8.0,0,0,1,0,14.0,60.0,40.0
0,165,Hellas Verona,1,Atalanta,2,P,2021-12-12,Giornata n. 17,19.0,3.0,14.0,6.0,0,0,0,0,345.0,513.0,305.0,453.0,6.0,6.0,14.0,2,0,1,0,11.0,53.0,47.0
0,166,Sassuolo,2,Lazio,1,V,2021-12-12,Giornata n. 17,17.0,6.0,6.0,2.0,0,0,0,0,589.0,679.0,388.0,474.0,6.0,0.0,9.0,1,1,2,0,12.0,59.0,41.0
0,167,Inter,4,Cagliari,0,V,2021-12-12,Giornata n. 17,23.0,14.0,5.0,2.0,0,1,0,0,731.0,814.0,201.0,268.0,9.0,0.0,9.0,1,0,2,0,15.0,75.0,25.0
0,168,Torino,2,Bologna,1,V,2021-12-12,Giornata n. 17,16.0,7.0,7.0,4.0,0,0,1,1,330.0,439.0,361.0,465.0,5.0,0.0,18.0,2,0,4,0,19.0,49.0,51.0
0,169,Roma,2,Spezia,0,V,2021-12-13,Giornata n. 17,12.0,5.0,8.0,2.0,0,0,0,0,456.0,555.0,411.0,505.0,9.0,4.0,13.0,4,1,1,0,8.0,52.0,48.0
0,170,Lazio,3,Genoa,1,V,2021-12-17,Giornata n. 18,11.0,5.0,4.0,2.0,0,0,0,0,586.0,677.0,469.0,555.0,5.0,2.0,9.0,0,0,3,0,11.0,55.0,45.0
0,171,Salernitana,0,Inter,5,P,2021-12-17,Giornata n. 18,10.0,2.0,23.0,8.0,0,0,0,0,274.0,353.0,590.0,666.0,3.0,10.0,11.0,1,0,2,0,12.0,35.0,65.0
0,172,Cagliari,0,Udinese,4,P,2021-12-18,Giornata n. 18,5.0,2.0,10.0,5.0,0,0,0,0,436.0,544.0,355.0,448.0,4.0,2.0,12.0,4,1,2,0,15.0,55.0,45.0
0,173,Atalanta,1,Roma,4,P,2021-12-18,Giornata n. 18,17.0,6.0,8.0,5.0,0,0,0,0,606.0,704.0,222.0,294.0,10.0,0.0,11.0,1,0,3,0,18.0,71.0,29.0
0,174,Bologna,0,Juventus,2,P,2021-12-18,Giornata n. 18,11.0,3.0,11.0,7.0,0,0,0,0,476.0,581.0,346.0,435.0,8.0,3.0,10.0,1,0,1,0,20.0,57.0,43.0
0,175,Milan,0,Napoli,1,P,2021-12-19,Giornata n. 18,12.0,2.0,11.0,2.0,0,0,0,0,400.0,518.0,448.0,552.0,5.0,5.0,16.0,0,0,2,0,21.0,48.0,52.0
0,176,Fiorentina,2,Sassuolo,2,N,2021-12-19,Giornata n. 18,23.0,8.0,8.0,4.0,0,0,0,0,472.0,561.0,343.0,425.0,9.0,3.0,7.0,3,1,5,0,18.0,57.0,43.0
0,177,Spezia,1,Empoli,1,N,2021-12-19,Giornata n. 18,9.0,2.0,22.0,7.0,0,0,0,0,220.0,298.0,490.0,590.0,3.0,5.0,24.0,3,0,2,0,12.0,34.0,66.0
0,178,Torino,1,Hellas Verona,0,V,2021-12-19,Giornata n. 18,8.0,1.0,8.0,2.0,0,0,0,0,506.0,621.0,205.0,323.0,5.0,3.0,15.0,1,0,2,1,6.0,66.0,34.0
0,179,Sampdoria,1,Venezia,1,N,2021-12-19,Giornata n. 18,18.0,7.0,12.0,1.0,0,0,0,0,324.0,440.0,339.0,448.0,4.0,3.0,10.0,2,0,1,0,20.0,50.0,50.0
0,180,Juventus,2,Cagliari,0,V,2021-12-21,Giornata n. 19,15.0,4.0,6.0,1.0,0,0,0,0,528.0,623.0,275.0,369.0,7.0,1.0,18.0,0,0,3,0,18.0,63.0,37.0
0,181,Genoa,0,Atalanta,0,N,2021-12-21,Giornata n. 19,1.0,0.0,17.0,3.0,0,0,0,0,205.0,347.0,542.0,711.0,3.0,8.0,16.0,2,0,1,0,16.0,33.0,67.0
0,182,Venezia,1,Lazio,3,P,2021-12-22,Giornata n. 19,10.0,2.0,7.0,4.0,0,0,0,0,446.0,525.0,510.0,587.0,4.0,4.0,13.0,3,1,3,0,12.0,47.0,53.0
0,183,Roma,1,Sampdoria,1,N,2021-12-22,Giornata n. 19,15.0,4.0,9.0,2.0,0,0,0,0,469.0,589.0,389.0,493.0,10.0,2.0,6.0,0,0,3,0,10.0,54.0,46.0
0,184,Napoli,0,Spezia,1,P,2021-12-22,Giornata n. 19,27.0,6.0,8.0,0.0,0,0,0,0,562.0,653.0,261.0,355.0,10.0,5.0,15.0,2,0,3,0,13.0,65.0,35.0
0,185,Sassuolo,0,Bologna,3,P,2021-12-22,Giornata n. 19,13.0,5.0,9.0,5.0,0,0,0,0,477.0,566.0,299.0,390.0,5.0,5.0,15.0,1,0,3,0,14.0,59.0,41.0
0,186,Inter,1,Torino,0,V,2021-12-22,Giornata n. 19,15.0,3.0,12.0,3.0,0,0,0,0,413.0,526.0,342.0,454.0,7.0,4.0,12.0,1,0,0,0,19.0,54.0,46.0
0,187,Empoli,2,Milan,4,P,2021-12-22,Giornata n. 19,15.0,4.0,18.0,8.0,1,1,0,0,415.0,513.0,324.0,409.0,6.0,3.0,18.0,1,0,2,0,16.0,56.0,44.0
0,188,Hellas Verona,1,Fiorentina,1,N,2021-12-22,Giornata n. 19,7.0,2.0,11.0,1.0,0,0,0,0,256.0,380.0,447.0,570.0,3.0,8.0,16.0,2,0,1,0,5.0,40.0,60.0
0,189,Lazio,3,Empoli,3,N,2022-01-06,Giornata n. 20,22.0,8.0,10.0,3.0,0,1,1,1,503.0,586.0,278.0,360.0,9.0,2.0,14.0,4,0,4,0,12.0,62.0,38.0
0,190,Sampdoria,1,Cagliari,2,P,2022-01-06,Giornata n. 20,4.0,2.0,15.0,7.0,0,0,0,0,369.0,496.0,395.0,518.0,0.0,5.0,14.0,1,1,3,0,17.0,49.0,51.0
0,191,Milan,3,Roma,1,V,2022-01-06,Giornata n. 20,17.0,3.0,11.0,5.0,1,2,0,0,347.0,441.0,274.0,364.0,3.0,9.0,6.0,2,0,7,2,20.0,55.0,45.0
0,192,Sassuolo,1,Genoa,1,N,2022-01-06,Giornata n. 20,28.0,7.0,4.0,1.0,0,0,0,0,718.0,810.0,199.0,287.0,7.0,4.0,8.0,3,0,0,0,12.0,74.0,26.0
0,193,Juventus,1,Napoli,1,N,2022-01-06,Giornata n. 20,22.0,5.0,16.0,4.0,0,0,0,0,420.0,493.0,544.0,627.0,4.0,3.0,8.0,2,0,1,0,12.0,44.0,56.0
0,194,Spezia,1,Hellas Verona,2,P,2022-01-06,Giornata n. 20,9.0,3.0,22.0,5.0,0,0,0,0,228.0,348.0,412.0,521.0,6.0,7.0,13.0,3,1,2,0,11.0,40.0,60.0
0,195,Roma,3,Juventus,4,P,2022-01-09,Giornata n. 21,19.0,6.0,14.0,5.0,0,1,0,0,369.0,471.0,349.0,417.0,8.0,1.0,13.0,3,0,4,1,12.0,53.0,47.0
0,196,Napoli,1,Sampdoria,0,V,2022-01-09,Giornata n. 21,22.0,5.0,11.0,1.0,0,0,0,0,672.0,758.0,272.0,346.0,13.0,0.0,13.0,0,0,2,0,12.0,69.0,31.0
0,197,Udinese,2,Atalanta,6,P,2022-01-09,Giornata n. 21,8.0,4.0,21.0,7.0,0,0,0,0,349.0,453.0,568.0,671.0,2.0,5.0,10.0,2,0,2,0,12.0,40.0,60.0
0,198,Venezia,0,Milan,3,P,2022-01-09,Giornata n. 21,10.0,3.0,17.0,6.0,0,0,1,1,332.0,418.0,584.0,670.0,1.0,7.0,11.0,1,1,3,0,15.0,38.0,62.0
0,199,Hellas Verona,1,Salernitana,2,P,2022-01-09,Giornata n. 21,24.0,7.0,8.0,4.0,0,0,1,1,498.0,608.0,157.0,258.0,17.0,4.0,13.0,1,1,3,0,12.0,70.0,30.0
0,200,Inter,2,Lazio,1,V,2022-01-09,Giornata n. 21,17.0,5.0,5.0,2.0,0,0,0,0,602.0,681.0,373.0,456.0,4.0,3.0,11.0,1,0,4,0,17.0,60.0,40.0
0,201,Empoli,1,Sassuolo,5,P,2022-01-09,Giornata n. 21,15.0,4.0,24.0,12.0,0,0,1,1,398.0,485.0,501.0,584.0,5.0,5.0,13.0,2,1,3,0,17.0,45.0,55.0
0,202,Genoa,0,Spezia,1,P,2022-01-09,Giornata n. 21,15.0,2.0,17.0,9.0,0,0,0,0,422.0,539.0,354.0,467.0,7.0,4.0,17.0,3,0,3,0,17.0,54.0,46.0
0,203,Torino,4,Fiorentina,0,V,2022-01-10,Giornata n. 21,9.0,6.0,11.0,4.0,0,0,0,0,314.0,417.0,400.0,503.0,1.0,5.0,19.0,2,0,2,0,12.0,45.0,55.0
0,204,Cagliari,2,Bologna,1,V,2022-01-11,Giornata n. 21,13.0,4.0,10.0,3.0,0,0,0,0,354.0,482.0,294.0,426.0,5.0,5.0,14.0,3,0,2,0,19.0,53.0,47.0
0,205,Sampdoria,1,Torino,2,P,2022-01-15,Giornata n. 22,11.0,3.0,20.0,12.0,0,0,0,0,211.0,332.0,448.0,571.0,3.0,10.0,13.0,0,0,2,0,14.0,37.0,63.0
0,206,Juventus,2,Udinese,0,V,2022-01-15,Giornata n. 22,14.0,4.0,16.0,3.0,0,0,0,0,621.0,710.0,296.0,371.0,7.0,6.0,14.0,1,0,2,0,10.0,66.0,34.0
0,207,Salernitana,0,Lazio,3,P,2022-01-15,Giornata n. 22,7.0,1.0,15.0,8.0,0,0,0,0,267.0,338.0,841.0,917.0,3.0,7.0,12.0,2,0,3,0,16.0,27.0,73.0
0,208,Atalanta,0,Inter,0,N,2022-01-16,Giornata n. 22,12.0,6.0,11.0,3.0,0,0,0,0,306.0,412.0,597.0,699.0,6.0,4.0,15.0,2,0,2,0,12.0,37.0,63.0
0,209,Sassuolo,2,Hellas Verona,4,P,2022-01-16,Giornata n. 22,14.0,5.0,20.0,5.0,0,0,1,1,378.0,489.0,291.0,394.0,9.0,7.0,6.0,2,0,4,0,18.0,55.0,45.0
0,210,Roma,1,Cagliari,0,V,2022-01-16,Giornata n. 22,14.0,6.0,8.0,2.0,1,1,0,0,475.0,579.0,334.0,458.0,1.0,1.0,15.0,3,0,4,0,20.0,56.0,44.0
0,211,Venezia,1,Empoli,1,N,2022-01-16,Giornata n. 22,14.0,3.0,18.0,6.0,0,0,0,0,333.0,434.0,347.0,439.0,6.0,5.0,16.0,3,0,5,0,19.0,50.0,50.0
0,212,Bologna,0,Napoli,2,P,2022-01-17,Giornata n. 22,12.0,5.0,14.0,5.0,0,0,0,0,349.0,438.0,579.0,678.0,1.0,4.0,10.0,3,0,1,0,11.0,39.0,61.0
0,213,Fiorentina,6,Genoa,0,V,2022-01-17,Giornata n. 22,21.0,11.0,3.0,0.0,0,1,0,0,716.0,787.0,214.0,288.0,4.0,0.0,12.0,1,0,3,0,19.0,73.0,27.0
0,214,Milan,1,Spezia,2,P,2022-01-17,Giornata n. 22,24.0,8.0,10.0,6.0,0,1,0,0,448.0,540.0,274.0,367.0,10.0,1.0,13.0,2,0,5,0,18.0,60.0,40.0
0,215,Hellas Verona,2,Bologna,1,V,2022-01-21,Giornata n. 23,14.0,6.0,8.0,2.0,0,0,0,0,360.0,490.0,247.0,373.0,7.0,2.0,21.0,2,0,4,0,9.0,57.0,43.0
0,216,Inter,2,Venezia,1,V,2022-01-22,Giornata n. 23,24.0,12.0,3.0,3.0,0,0,0,0,639.0,752.0,219.0,311.0,6.0,0.0,14.0,3,0,4,0,10.0,71.0,29.0
0,217,Lazio,0,Atalanta,0,N,2022-01-22,Giornata n. 23,9.0,1.0,6.0,2.0,0,0,0,0,639.0,741.0,384.0,468.0,4.0,1.0,10.0,0,0,3,0,17.0,61.0,39.0
0,218,Genoa,0,Udinese,0,N,2022-01-22,Giornata n. 23,10.0,2.0,2.0,0.0,0,0,0,0,220.0,380.0,205.0,351.0,10.0,4.0,26.0,4,1,4,0,18.0,52.0,48.0
0,219,Napoli,4,Salernitana,1,V,2022-01-23,Giornata n. 23,24.0,12.0,1.0,1.0,2,2,0,0,895.0,981.0,145.0,223.0,10.0,0.0,9.0,0,0,4,1,14.0,81.0,19.0
0,220,Torino,1,Sassuolo,1,N,2022-01-23,Giornata n. 23,21.0,6.0,6.0,1.0,0,0,0,0,341.0,447.0,335.0,442.0,4.0,3.0,25.0,3,0,3,0,18.0,50.0,50.0
0,221,Spezia,1,Sampdoria,0,V,2022-01-23,Giornata n. 23,7.0,2.0,8.0,0.0,0,0,0,0,275.0,368.0,439.0,557.0,2.0,4.0,25.0,2,0,4,1,11.0,40.0,60.0
0,222,Empoli,2,Roma,4,P,2022-01-23,Giornata n. 23,16.0,7.0,16.0,7.0,0,0,0,0,455.0,551.0,306.0,395.0,2.0,3.0,14.0,2,0,2,0,17.0,58.0,42.0
0,223,Milan,0,Juventus,0,N,2022-01-23,Giornata n. 23,14.0,4.0,8.0,0.0,0,0,0,0,392.0,497.0,478.0,559.0,4.0,1.0,18.0,2,0,2,0,22.0,47.0,53.0
0,224,Cagliari,1,Fiorentina,1,N,2022-01-23,Giornata n. 23,11.0,1.0,14.0,5.0,0,1,0,1,196.0,293.0,326.0,426.0,6.0,4.0,24.0,3,0,3,1,15.0,41.0,59.0
0,225,Roma,0,Genoa,0,N,2022-02-05,Giornata n. 24,23.0,3.0,10.0,3.0,0,0,0,0,406.0,520.0,181.0,316.0,6.0,4.0,10.0,3,1,2,1,23.0,62.0,38.0
0,226,Inter,1,Milan,2,P,2022-02-05,Giornata n. 24,12.0,5.0,10.0,3.0,0,0,0,0,318.0,396.0,375.0,457.0,6.0,4.0,22.0,2,0,4,1,14.0,46.0,54.0
0,227,Fiorentina,0,Lazio,3,P,2022-02-05,Giornata n. 24,9.0,3.0,12.0,7.0,0,0,0,0,446.0,522.0,445.0,520.0,4.0,3.0,15.0,3,1,5,0,16.0,50.0,50.0
0,228,Atalanta,1,Cagliari,2,P,2022-02-06,Giornata n. 24,10.0,4.0,7.0,4.0,0,0,0,0,515.0,629.0,305.0,406.0,3.0,1.0,14.0,1,1,5,0,14.0,61.0,39.0
0,229,Sampdoria,4,Sassuolo,0,V,2022-02-06,Giornata n. 24,10.0,6.0,25.0,9.0,1,1,0,0,262.0,356.0,450.0,533.0,3.0,9.0,17.0,2,0,2,0,15.0,40.0,60.0
0,230,Bologna,0,Empoli,0,N,2022-02-06,Giornata n. 24,12.0,2.0,15.0,4.0,0,0,0,0,448.0,560.0,279.0,383.0,3.0,5.0,11.0,2,0,4,0,15.0,59.0,41.0
0,231,Venezia,0,Napoli,2,P,2022-02-06,Giornata n. 24,7.0,3.0,16.0,6.0,0,0,0,0,306.0,397.0,672.0,780.0,2.0,6.0,12.0,2,1,2,0,11.0,34.0,66.0
0,232,Udinese,2,Torino,0,V,2022-02-06,Giornata n. 24,10.0,2.0,5.0,1.0,1,1,0,0,220.0,347.0,356.0,479.0,8.0,3.0,11.0,3,0,5,1,22.0,42.0,58.0
0,233,Juventus,2,Hellas Verona,0,V,2022-02-06,Giornata n. 24,11.0,8.0,13.0,1.0,0,0,0,0,362.0,461.0,440.0,552.0,6.0,5.0,12.0,1,0,1,0,11.0,46.0,54.0
0,234,Salernitana,2,Spezia,2,N,2022-02-07,Giornata n. 24,10.0,5.0,11.0,0.0,0,0,2,2,395.0,512.0,299.0,396.0,5.0,6.0,13.0,3,0,3,0,22.0,56.0,44.0
0,235,Torino,1,Venezia,2,P,2022-02-12,Giornata n. 25,14.0,2.0,6.0,2.0,0,0,0,0,406.0,520.0,151.0,258.0,8.0,4.0,16.0,2,0,3,1,13.0,67.0,33.0
0,236,Lazio,3,Bologna,0,V,2022-02-12,Giornata n. 25,11.0,5.0,11.0,3.0,1,1,0,0,549.0,634.0,422.0,488.0,5.0,3.0,13.0,2,0,2,0,16.0,57.0,43.0
0,237,Napoli,1,Inter,1,N,2022-02-12,Giornata n. 25,12.0,3.0,8.0,2.0,1,1,0,0,456.0,534.0,485.0,564.0,4.0,2.0,7.0,1,0,1,0,14.0,49.0,51.0
0,238,Sassuolo,2,Roma,2,N,2022-02-13,Giornata n. 25,12.0,3.0,12.0,7.0,0,0,1,1,345.0,425.0,397.0,503.0,4.0,3.0,12.0,4,1,2,0,16.0,46.0,54.0
0,239,Atalanta,1,Juventus,1,N,2022-02-13,Giornata n. 25,21.0,3.0,15.0,6.0,0,0,0,0,456.0,551.0,396.0,504.0,8.0,8.0,13.0,2,0,3,0,12.0,52.0,48.0
0,240,Hellas Verona,4,Udinese,0,V,2022-02-13,Giornata n. 25,6.0,5.0,21.0,6.0,0,0,0,0,271.0,388.0,354.0,487.0,2.0,7.0,17.0,3,0,1,0,8.0,44.0,56.0
0,241,Milan,1,Sampdoria,0,V,2022-02-13,Giornata n. 25,15.0,7.0,4.0,1.0,0,0,0,0,418.0,510.0,410.0,505.0,4.0,0.0,14.0,3,0,1,0,14.0,50.0,50.0
0,242,Genoa,1,Salernitana,1,N,2022-02-13,Giornata n. 25,16.0,5.0,12.0,4.0,0,0,0,0,268.0,388.0,277.0,396.0,5.0,4.0,22.0,3,0,2,0,11.0,49.0,51.0
0,243,Empoli,1,Cagliari,1,N,2022-02-13,Giornata n. 25,15.0,6.0,17.0,4.0,0,0,0,0,253.0,369.0,320.0,444.0,6.0,4.0,19.0,1,0,2,0,14.0,45.0,55.0
0,244,Spezia,1,Fiorentina,2,P,2022-02-14,Giornata n. 25,9.0,1.0,20.0,4.0,0,0,0,1,192.0,263.0,433.0,527.0,4.0,8.0,20.0,2,0,1,0,10.0,33.0,67.0
0,245,Juventus,1,Torino,1,N,2022-02-18,Giornata n. 26,12.0,3.0,10.0,3.0,0,0,0,0,318.0,412.0,391.0,489.0,7.0,9.0,17.0,1,0,2,0,20.0,46.0,54.0
0,246,Sampdoria,2,Empoli,0,V,2022-02-19,Giornata n. 26,8.0,3.0,10.0,2.0,0,0,0,0,296.0,391.0,435.0,538.0,3.0,6.0,17.0,4,0,2,0,12.0,42.0,58.0
0,247,Salernitana,2,Milan,2,N,2022-02-19,Giornata n. 26,9.0,4.0,13.0,5.0,0,0,0,0,259.0,349.0,430.0,532.0,4.0,7.0,19.0,2,0,4,0,13.0,40.0,60.0
0,248,Roma,2,Hellas Verona,2,N,2022-02-19,Giornata n. 26,7.0,3.0,5.0,3.0,0,0,0,0,411.0,550.0,293.0,419.0,4.0,2.0,19.0,3,0,2,0,14.0,57.0,43.0
0,249,Fiorentina,1,Atalanta,0,V,2022-02-20,Giornata n. 26,6.0,3.0,7.0,1.0,0,0,0,0,373.0,461.0,382.0,471.0,2.0,1.0,19.0,2,0,5,0,23.0,49.0,51.0
0,250,Inter,0,Sassuolo,2,P,2022-02-20,Giornata n. 26,29.0,7.0,13.0,5.0,0,0,0,0,537.0,628.0,367.0,447.0,8.0,3.0,12.0,1,0,2,0,14.0,58.0,42.0
0,251,Udinese,1,Lazio,1,N,2022-02-20,Giornata n. 26,12.0,2.0,10.0,2.0,0,0,0,0,325.0,407.0,503.0,588.0,2.0,12.0,24.0,3,0,2,0,9.0,41.0,59.0
0,252,Venezia,1,Genoa,1,N,2022-02-20,Giornata n. 26,15.0,4.0,12.0,2.0,0,0,0,0,218.0,369.0,272.0,421.0,6.0,5.0,14.0,2,0,2,0,19.0,47.0,53.0
0,253,Bologna,2,Spezia,1,V,2022-02-21,Giornata n. 26,19.0,7.0,6.0,2.0,0,0,0,0,456.0,566.0,263.0,360.0,11.0,0.0,7.0,1,0,1,0,16.0,61.0,39.0
0,254,Cagliari,1,Napoli,1,N,2022-02-21,Giornata n. 26,13.0,5.0,7.0,3.0,0,0,0,0,290.0,419.0,363.0,494.0,3.0,5.0,18.0,1,0,2,0,22.0,46.0,54.0
0,255,Milan,1,Udinese,1,N,2022-02-25,Giornata n. 27,9.0,3.0,11.0,6.0,0,0,0,0,445.0,535.0,247.0,328.0,5.0,4.0,14.0,2,0,4,0,19.0,62.0,38.0
0,256,Genoa,0,Inter,0,N,2022-02-25,Giornata n. 27,7.0,1.0,21.0,4.0,0,0,0,0,157.0,266.0,529.0,652.0,0.0,14.0,12.0,1,0,1,0,10.0,29.0,71.0
0,257,Salernitana,1,Bologna,1,N,2022-02-26,Giornata n. 27,16.0,4.0,8.0,3.0,0,0,0,0,372.0,463.0,276.0,370.0,6.0,1.0,18.0,2,0,3,0,26.0,56.0,44.0
0,258,Empoli,2,Juventus,3,P,2022-02-26,Giornata n. 27,11.0,2.0,12.0,5.0,0,0,0,0,419.0,519.0,372.0,463.0,7.0,3.0,18.0,2,0,0,0,8.0,53.0,47.0
0,259,Sassuolo,2,Fiorentina,1,V,2022-02-26,Giornata n. 27,16.0,6.0,15.0,6.0,0,0,0,0,376.0,450.0,365.0,463.0,6.0,10.0,14.0,1,0,2,1,13.0,49.0,51.0
0,260,Lazio,1,Napoli,2,P,2022-02-27,Giornata n. 27,13.0,8.0,14.0,7.0,0,0,0,0,497.0,568.0,601.0,690.0,1.0,5.0,14.0,3,0,2,0,17.0,45.0,55.0
0,261,Hellas Verona,3,Venezia,1,V,2022-02-27,Giornata n. 27,19.0,11.0,9.0,3.0,0,0,0,0,393.0,525.0,249.0,389.0,5.0,5.0,13.0,0,0,1,0,14.0,57.0,43.0
0,262,Spezia,0,Roma,1,P,2022-02-27,Giornata n. 27,9.0,3.0,30.0,7.0,0,0,1,1,270.0,365.0,560.0,655.0,1.0,8.0,13.0,5,1,3,0,11.0,36.0,64.0
0,263,Torino,1,Cagliari,2,P,2022-02-27,Giornata n. 27,15.0,6.0,11.0,5.0,0,0,0,0,319.0,467.0,213.0,359.0,4.0,3.0,21.0,2,0,4,0,25.0,57.0,43.0
0,264,Atalanta,4,Sampdoria,0,V,2022-02-28,Giornata n. 27,19.0,9.0,6.0,1.0,0,0,0,0,556.0,659.0,407.0,514.0,8.0,1.0,15.0,1,0,2,0,8.0,56.0,44.0
0,265,Inter,5,Salernitana,0,V,2022-03-04,Giornata n. 28,23.0,12.0,11.0,3.0,0,0,0,0,503.0,575.0,322.0,384.0,10.0,3.0,12.0,2,0,1,0,8.0,60.0,40.0
0,266,Cagliari,0,Lazio,3,P,2022-03-05,Giornata n. 28,16.0,3.0,14.0,4.0,0,0,1,1,357.0,481.0,477.0,587.0,7.0,6.0,11.0,3,0,2,1,13.0,45.0,55.0
0,267,Roma,1,Atalanta,0,V,2022-03-05,Giornata n. 28,13.0,4.0,7.0,4.0,0,0,0,0,250.0,346.0,543.0,628.0,6.0,3.0,18.0,6,1,4,1,17.0,36.0,64.0
0,268,Udinese,2,Sampdoria,1,V,2022-03-05,Giornata n. 28,20.0,5.0,8.0,3.0,0,0,0,0,281.0,404.0,413.0,535.0,11.0,4.0,20.0,5,0,2,0,15.0,43.0,57.0
0,269,Bologna,0,Torino,0,N,2022-03-06,Giornata n. 28,6.0,1.0,13.0,2.0,0,0,0,0,273.0,385.0,250.0,357.0,5.0,7.0,23.0,3,0,3,0,16.0,52.0,48.0
0,270,Genoa,0,Empoli,0,N,2022-03-06,Giornata n. 28,19.0,6.0,8.0,2.0,0,0,0,0,336.0,458.0,276.0,422.0,7.0,2.0,15.0,4,0,3,0,22.0,52.0,48.0
0,271,Juventus,1,Spezia,0,V,2022-03-06,Giornata n. 28,10.0,3.0,9.0,4.0,0,0,0,0,534.0,616.0,392.0,475.0,4.0,4.0,15.0,3,0,1,0,13.0,56.0,44.0
0,272,Venezia,1,Sassuolo,4,P,2022-03-06,Giornata n. 28,15.0,4.0,13.0,7.0,0,1,3,3,342.0,431.0,433.0,520.0,8.0,6.0,18.0,4,0,1,0,15.0,45.0,55.0
0,273,Fiorentina,1,Hellas Verona,1,N,2022-03-06,Giornata n. 28,8.0,2.0,3.0,1.0,0,0,1,1,313.0,416.0,307.0,412.0,4.0,2.0,15.0,0,0,4,0,15.0,50.0,50.0
0,274,Napoli,0,Milan,1,P,2022-03-06,Giornata n. 28,10.0,3.0,12.0,7.0,0,0,0,0,497.0,581.0,310.0,392.0,6.0,7.0,10.0,4,0,4,0,20.0,60.0,40.0
0,275,Spezia,2,Cagliari,0,V,2022-03-12,Giornata n. 29,14.0,8.0,11.0,1.0,0,1,0,0,220.0,350.0,333.0,465.0,5.0,7.0,13.0,1,0,4,0,20.0,43.0,57.0
0,276,Salernitana,2,Sassuolo,2,N,2022-03-12,Giornata n. 29,15.0,5.0,20.0,7.0,0,0,0,0,392.0,476.0,455.0,527.0,5.0,5.0,13.0,2,0,4,1,16.0,47.0,53.0
0,277,Sampdoria,1,Juventus,3,P,2022-03-12,Giornata n. 29,16.0,4.0,5.0,2.0,0,1,1,1,490.0,561.0,525.0,594.0,9.0,0.0,7.0,0,0,2,0,17.0,49.0,51.0
0,278,Milan,1,Empoli,0,V,2022-03-12,Giornata n. 29,15.0,5.0,5.0,3.0,0,0,0,0,451.0,543.0,397.0,492.0,5.0,4.0,7.0,1,0,0,0,12.0,52.0,48.0
0,279,Fiorentina,1,Bologna,0,V,2022-03-13,Giornata n. 29,14.0,5.0,4.0,0.0,0,0,0,0,423.0,529.0,243.0,340.0,9.0,1.0,10.0,1,0,5,1,17.0,61.0,39.0
0,280,Hellas Verona,1,Napoli,2,P,2022-03-13,Giornata n. 29,8.0,1.0,13.0,4.0,0,0,0,0,365.0,469.0,375.0,485.0,3.0,5.0,19.0,6,2,0,0,9.0,49.0,51.0
0,281,Torino,1,Inter,1,N,2022-03-13,Giornata n. 29,13.0,3.0,14.0,6.0,0,0,0,0,323.0,424.0,403.0,529.0,3.0,4.0,17.0,1,0,5,0,21.0,44.0,56.0
0,282,Atalanta,0,Genoa,0,N,2022-03-13,Giornata n. 29,12.0,2.0,13.0,3.0,0,0,0,0,461.0,644.0,291.0,455.0,4.0,3.0,14.0,2,0,0,0,18.0,59.0,41.0
0,283,Udinese,1,Roma,1,N,2022-03-13,Giornata n. 29,11.0,5.0,9.0,2.0,0,0,1,1,285.0,367.0,534.0,619.0,6.0,4.0,17.0,3,0,2,0,14.0,37.0,63.0
0,284,Lazio,1,Venezia,0,V,2022-03-14,Giornata n. 29,9.0,0.0,7.0,2.0,1,1,0,0,670.0,760.0,315.0,387.0,8.0,4.0,10.0,1,0,1,0,13.0,66.0,34.0
0,285,Genoa,1,Torino,0,V,2022-03-18,Giornata n. 30,7.0,2.0,9.0,3.0,0,0,0,0,134.0,239.0,605.0,692.0,2.0,3.0,13.0,3,1,3,0,19.0,26.0,74.0
0,286,Sassuolo,4,Spezia,1,V,2022-03-18,Giornata n. 30,14.0,6.0,6.0,1.0,1,1,0,0,490.0,578.0,333.0,426.0,6.0,2.0,14.0,2,0,3,0,18.0,58.0,42.0
0,287,Inter,1,Fiorentina,1,N,2022-03-19,Giornata n. 30,13.0,5.0,17.0,4.0,0,0,0,0,433.0,525.0,424.0,518.0,5.0,3.0,15.0,1,0,2,0,13.0,50.0,50.0
0,288,Napoli,2,Udinese,1,V,2022-03-19,Giornata n. 30,20.0,8.0,10.0,3.0,0,0,0,0,531.0,621.0,264.0,354.0,7.0,4.0,10.0,2,0,2,1,13.0,64.0,36.0
0,289,Cagliari,0,Milan,1,P,2022-03-19,Giornata n. 30,13.0,1.0,21.0,5.0,0,0,0,0,242.0,368.0,397.0,494.0,6.0,5.0,14.0,1,0,0,0,16.0,43.0,57.0
0,290,Bologna,0,Atalanta,1,P,2022-03-20,Giornata n. 30,12.0,3.0,15.0,2.0,0,0,0,0,467.0,604.0,279.0,400.0,6.0,3.0,9.0,0,0,1,0,12.0,60.0,40.0
0,291,Empoli,1,Hellas Verona,1,N,2022-03-20,Giornata n. 30,7.0,2.0,13.0,4.0,0,0,0,1,213.0,332.0,428.0,532.0,3.0,7.0,17.0,2,0,3,0,13.0,38.0,62.0
0,292,Venezia,0,Sampdoria,2,P,2022-03-20,Giornata n. 30,13.0,1.0,8.0,4.0,0,0,0,0,296.0,405.0,348.0,457.0,3.0,4.0,30.0,5,1,1,0,24.0,47.0,53.0
0,293,Roma,3,Lazio,0,V,2022-03-20,Giornata n. 30,12.0,6.0,9.0,3.0,0,0,0,0,256.0,342.0,577.0,669.0,5.0,3.0,17.0,4,0,3,0,14.0,34.0,66.0
0,294,Juventus,2,Salernitana,0,V,2022-03-20,Giornata n. 30,12.0,7.0,12.0,4.0,0,0,0,0,477.0,557.0,364.0,440.0,5.0,5.0,11.0,3,0,2,0,13.0,56.0,44.0
0,295,Spezia,1,Venezia,0,V,2022-04-02,Giornata n. 31,11.0,4.0,15.0,3.0,0,0,0,0,332.0,453.0,310.0,405.0,5.0,2.0,18.0,3,0,1,0,14.0,53.0,47.0
0,296,Lazio,2,Sassuolo,1,V,2022-04-02,Giornata n. 31,14.0,5.0,20.0,5.0,0,0,0,0,570.0,638.0,494.0,554.0,4.0,3.0,11.0,1,0,3,0,8.0,54.0,46.0
0,297,Salernitana,0,Torino,1,P,2022-04-02,Giornata n. 31,14.0,4.0,7.0,4.0,0,0,1,1,283.0,410.0,269.0,368.0,9.0,2.0,16.0,5,1,4,0,29.0,53.0,47.0
0,298,Sampdoria,0,Roma,1,P,2022-04-03,Giornata n. 31,8.0,3.0,6.0,1.0,0,0,0,0,379.0,483.0,414.0,510.0,4.0,4.0,16.0,2,0,3,0,15.0,49.0,51.0
0,299,Udinese,5,Cagliari,1,V,2022-04-03,Giornata n. 31,24.0,11.0,6.0,3.0,0,0,0,0,392.0,469.0,346.0,450.0,2.0,2.0,20.0,2,0,4,1,15.0,51.0,49.0
0,300,Atalanta,1,Napoli,3,P,2022-04-03,Giornata n. 31,19.0,3.0,5.0,4.0,0,0,1,1,485.0,579.0,368.0,473.0,9.0,1.0,17.0,2,0,3,0,12.0,55.0,45.0
0,301,Juventus,0,Inter,1,P,2022-04-03,Giornata n. 31,22.0,5.0,5.0,1.0,0,0,1,1,449.0,543.0,376.0,461.0,8.0,1.0,10.0,4,1,4,0,20.0,54.0,46.0
0,302,Fiorentina,1,Empoli,0,V,2022-04-03,Giornata n. 31,24.0,11.0,4.0,1.0,0,0,0,0,506.0,574.0,294.0,361.0,4.0,0.0,10.0,1,0,3,1,19.0,61.0,39.0
0,303,Milan,0,Bologna,0,N,2022-04-04,Giornata n. 31,33.0,7.0,8.0,4.0,0,0,0,0,377.0,484.0,328.0,425.0,9.0,2.0,11.0,0,0,2,0,10.0,53.0,47.0
0,304,Hellas Verona,1,Genoa,0,V,2022-04-04,Giornata n. 31,7.0,4.0,7.0,4.0,0,0,0,0,261.0,395.0,295.0,465.0,2.0,5.0,17.0,4,0,3,0,15.0,46.0,54.0
0,305,Cagliari,1,Juventus,2,P,2022-04-09,Giornata n. 32,4.0,1.0,20.0,7.0,0,0,0,0,256.0,375.0,436.0,533.0,1.0,4.0,19.0,1,0,0,0,10.0,41.0,59.0
0,306,Inter,2,Hellas Verona,0,V,2022-04-09,Giornata n. 32,18.0,6.0,9.0,3.0,0,0,0,0,335.0,455.0,394.0,486.0,10.0,2.0,14.0,2,0,0,0,8.0,48.0,52.0
0,307,Empoli,0,Spezia,0,N,2022-04-09,Giornata n. 32,15.0,4.0,11.0,4.0,0,0,0,0,364.0,477.0,251.0,357.0,5.0,4.0,10.0,2,0,2,0,21.0,57.0,43.0
0,308,Torino,0,Milan,0,N,2022-04-10,Giornata n. 32,14.0,3.0,14.0,4.0,0,0,0,0,268.0,361.0,365.0,472.0,6.0,5.0,19.0,2,0,2,0,8.0,43.0,57.0
0,309,Roma,2,Salernitana,1,V,2022-04-10,Giornata n. 32,17.0,7.0,6.0,3.0,0,0,0,0,456.0,548.0,203.0,284.0,9.0,2.0,19.0,5,0,8,0,25.0,66.0,34.0
0,310,Sassuolo,2,Atalanta,1,V,2022-04-10,Giornata n. 32,14.0,7.0,15.0,4.0,0,0,0,0,442.0,526.0,421.0,509.0,8.0,8.0,19.0,2,0,1,0,15.0,51.0,49.0
0,311,Napoli,2,Fiorentina,3,P,2022-04-10,Giornata n. 32,15.0,3.0,11.0,4.0,0,0,0,0,437.0,528.0,442.0,528.0,3.0,2.0,14.0,0,0,3,0,19.0,50.0,50.0
0,312,Venezia,1,Udinese,2,P,2022-04-10,Giornata n. 32,9.0,4.0,15.0,4.0,0,0,1,1,299.0,395.0,261.0,367.0,7.0,11.0,16.0,7,0,2,0,14.0,52.0,48.0
0,313,Genoa,1,Lazio,4,P,2022-04-10,Giornata n. 32,15.0,4.0,17.0,11.0,0,0,0,0,349.0,442.0,467.0,573.0,3.0,6.0,9.0,0,0,1,0,9.0,44.0,56.0
0,314,Bologna,2,Sampdoria,0,V,2022-04-11,Giornata n. 32,19.0,4.0,9.0,2.0,0,0,0,0,456.0,557.0,403.0,495.0,6.0,0.0,12.0,1,0,2,0,12.0,53.0,47.0
0,315,Milan,2,Genoa,0,V,2022-04-15,Giornata n. 33,10.0,5.0,7.0,1.0,0,0,0,0,442.0,536.0,274.0,382.0,3.0,1.0,11.0,1,0,2,0,22.0,58.0,42.0
0,316,Spezia,1,Inter,3,P,2022-04-15,Giornata n. 33,11.0,3.0,23.0,7.0,0,0,0,0,229.0,334.0,541.0,644.0,6.0,7.0,13.0,2,0,0,0,12.0,34.0,66.0
0,317,Lazio,1,Torino,1,N,2022-04-16,Giornata n. 33,10.0,4.0,12.0,4.0,0,0,0,0,414.0,512.0,483.0,553.0,9.0,7.0,10.0,1,0,2,0,12.0,48.0,52.0
0,318,Juventus,1,Bologna,1,N,2022-04-16,Giornata n. 33,24.0,4.0,10.0,2.0,0,0,0,0,373.0,443.0,350.0,420.0,4.0,5.0,11.0,1,0,5,2,12.0,51.0,49.0
0,319,Cagliari,1,Sassuolo,0,V,2022-04-16,Giornata n. 33,15.0,7.0,8.0,2.0,0,0,0,0,220.0,329.0,444.0,563.0,3.0,3.0,18.0,2,0,2,0,11.0,37.0,63.0
0,320,Sampdoria,1,Salernitana,2,P,2022-04-16,Giornata n. 33,5.0,1.0,7.0,2.0,0,0,0,0,537.0,652.0,230.0,319.0,5.0,2.0,18.0,1,0,7,0,25.0,67.0,33.0
0,321,Udinese,4,Empoli,1,V,2022-04-16,Giornata n. 33,13.0,5.0,14.0,3.0,0,0,1,1,248.0,319.0,394.0,489.0,4.0,7.0,21.0,1,0,4,0,13.0,39.0,61.0
0,322,Fiorentina,1,Venezia,0,V,2022-04-16,Giornata n. 33,22.0,5.0,3.0,1.0,0,0,0,0,540.0,616.0,200.0,280.0,5.0,0.0,16.0,4,0,4,0,19.0,69.0,31.0
0,323,Napoli,1,Roma,1,N,2022-04-18,Giornata n. 33,8.0,3.0,8.0,6.0,1,1,0,0,370.0,456.0,381.0,470.0,5.0,5.0,23.0,4,0,2,1,16.0,49.0,51.0
0,324,Atalanta,1,Hellas Verona,2,P,2022-04-18,Giornata n. 33,17.0,4.0,21.0,6.0,0,0,0,0,437.0,559.0,333.0,433.0,10.0,1.0,14.0,3,0,3,0,13.0,56.0,44.0
0,325,Udinese,0,Salernitana,1,P,2022-04-20,Giornata n. 19,12.0,3.0,9.0,2.0,0,0,0,0,320.0,435.0,275.0,374.0,9.0,3.0,23.0,3,0,5,0,14.0,54.0,46.0
0,326,Hellas Verona,1,Sampdoria,1,N,2022-04-23,Giornata n. 34,12.0,1.0,3.0,2.0,0,0,0,1,408.0,524.0,271.0,394.0,4.0,5.0,15.0,1,0,3,0,16.0,57.0,43.0
0,327,Inter,3,Roma,1,V,2022-04-23,Giornata n. 34,11.0,8.0,9.0,2.0,0,0,0,0,408.0,491.0,517.0,595.0,4.0,3.0,11.0,2,0,2,0,13.0,45.0,55.0
0,328,Torino,2,Spezia,1,V,2022-04-23,Giornata n. 34,14.0,5.0,6.0,1.0,1,1,1,1,441.0,539.0,323.0,443.0,5.0,6.0,11.0,1,0,2,0,17.0,55.0,45.0
0,329,Venezia,1,Atalanta,3,P,2022-04-23,Giornata n. 34,9.0,2.0,19.0,4.0,0,0,0,0,327.0,434.0,555.0,670.0,0.0,7.0,12.0,0,0,3,0,14.0,39.0,61.0
0,330,Genoa,1,Cagliari,0,V,2022-04-24,Giornata n. 34,13.0,2.0,11.0,1.0,0,0,0,0,242.0,414.0,189.0,362.0,2.0,3.0,22.0,3,0,2,0,18.0,53.0,47.0
0,331,Bologna,2,Udinese,2,N,2022-04-24,Giornata n. 34,10.0,3.0,17.0,5.0,0,0,0,0,379.0,474.0,306.0,392.0,2.0,4.0,9.0,2,0,2,0,23.0,55.0,45.0
0,332,Salernitana,2,Fiorentina,1,V,2022-04-24,Giornata n. 34,10.0,4.0,8.0,3.0,0,0,0,0,155.0,246.0,521.0,630.0,6.0,4.0,17.0,1,0,1,0,12.0,28.0,72.0
0,333,Empoli,3,Napoli,2,V,2022-04-24,Giornata n. 34,17.0,7.0,16.0,2.0,0,0,0,0,305.0,404.0,451.0,557.0,10.0,7.0,13.0,4,0,1,0,10.0,42.0,58.0
0,334,Lazio,1,Milan,2,P,2022-04-24,Giornata n. 34,7.0,2.0,25.0,8.0,0,0,0,0,345.0,437.0,389.0,501.0,2.0,8.0,14.0,3,0,4,0,16.0,47.0,53.0
0,335,Sassuolo,1,Juventus,2,P,2022-04-25,Giornata n. 34,22.0,7.0,10.0,5.0,0,0,0,0,619.0,691.0,336.0,416.0,6.0,4.0,16.0,2,1,2,0,10.0,62.0,38.0
0,336,Atalanta,4,Torino,4,N,2022-04-27,Giornata n. 20,15.0,3.0,3.0,2.0,2,2,2,2,359.0,462.0,376.0,472.0,8.0,0.0,12.0,2,0,2,0,13.0,49.0,51.0
0,337,Bologna,2,Inter,1,V,2022-04-27,Giornata n. 20,5.0,3.0,26.0,6.0,0,0,0,0,363.0,440.0,534.0,629.0,0.0,7.0,12.0,1,0,3,0,11.0,41.0,59.0
0,338,Fiorentina,0,Udinese,4,P,2022-04-27,Giornata n. 20,18.0,7.0,17.0,8.0,0,0,0,0,485.0,592.0,146.0,229.0,14.0,2.0,12.0,3,0,4,0,25.0,72.0,28.0
0,339,Cagliari,1,Hellas Verona,2,P,2022-04-30,Giornata n. 35,14.0,4.0,13.0,4.0,0,0,0,0,353.0,487.0,216.0,331.0,2.0,2.0,16.0,2,0,4,0,26.0,60.0,40.0
0,340,Spezia,3,Lazio,4,P,2022-04-30,Giornata n. 35,9.0,3.0,21.0,8.0,0,0,1,1,196.0,296.0,580.0,677.0,4.0,5.0,17.0,3,0,1,0,10.0,30.0,70.0
0,341,Sampdoria,1,Genoa,0,V,2022-04-30,Giornata n. 35,10.0,2.0,13.0,4.0,0,0,0,1,261.0,374.0,272.0,400.0,1.0,2.0,19.0,3,0,1,0,26.0,48.0,52.0
0,342,Napoli,6,Sassuolo,1,V,2022-04-30,Giornata n. 35,18.0,8.0,13.0,4.0,0,0,0,0,519.0,580.0,445.0,507.0,4.0,3.0,12.0,0,0,3,0,11.0,53.0,47.0
0,343,Juventus,2,Venezia,1,V,2022-05-01,Giornata n. 35,18.0,4.0,9.0,3.0,0,0,0,0,381.0,455.0,373.0,459.0,8.0,4.0,18.0,3,0,3,0,14.0,50.0,50.0
0,344,Roma,0,Bologna,0,N,2022-05-01,Giornata n. 35,18.0,5.0,10.0,4.0,0,0,0,0,303.0,399.0,429.0,535.0,10.0,5.0,10.0,0,0,1,0,12.0,43.0,57.0
0,345,Milan,1,Fiorentina,0,V,2022-05-01,Giornata n. 35,13.0,2.0,8.0,2.0,0,0,0,0,341.0,437.0,369.0,457.0,2.0,2.0,18.0,1,0,3,0,17.0,49.0,51.0
0,346,Empoli,1,Torino,3,P,2022-05-01,Giornata n. 35,11.0,4.0,11.0,1.0,0,0,2,2,223.0,309.0,394.0,493.0,5.0,4.0,16.0,4,2,2,0,12.0,39.0,61.0
0,347,Udinese,1,Inter,2,P,2022-05-01,Giornata n. 35,8.0,5.0,11.0,4.0,0,0,0,1,385.0,466.0,434.0,509.0,5.0,11.0,15.0,2,0,1,0,11.0,48.0,52.0
0,348,Atalanta,1,Salernitana,1,N,2022-05-02,Giornata n. 35,20.0,5.0,11.0,9.0,0,0,0,0,490.0,596.0,272.0,375.0,11.0,4.0,14.0,3,0,2,0,11.0,61.0,39.0
0,349,Salernitana,2,Venezia,1,V,2022-05-05,Giornata n. 20,18.0,3.0,10.0,4.0,1,1,0,0,238.0,331.0,355.0,465.0,6.0,4.0,12.0,2,0,7,1,20.0,42.0,58.0
0,350,Inter,4,Empoli,2,V,2022-05-06,Giornata n. 36,37.0,10.0,4.0,2.0,0,0,0,0,558.0,638.0,289.0,360.0,14.0,2.0,10.0,1,0,0,0,10.0,64.0,36.0
0,351,Genoa,2,Juventus,1,V,2022-05-06,Giornata n. 36,17.0,5.0,13.0,4.0,1,1,0,0,366.0,470.0,442.0,540.0,9.0,2.0,13.0,2,0,3,0,15.0,47.0,53.0
0,352,Lazio,2,Sampdoria,0,V,2022-05-07,Giornata n. 36,16.0,10.0,9.0,2.0,0,0,0,0,678.0,759.0,411.0,515.0,6.0,0.0,10.0,1,0,1,0,10.0,60.0,40.0
0,353,Torino,0,Napoli,1,P,2022-05-07,Giornata n. 36,10.0,3.0,10.0,4.0,0,0,0,1,295.0,383.0,429.0,504.0,5.0,4.0,19.0,2,0,3,0,12.0,43.0,57.0
0,354,Sassuolo,1,Udinese,1,N,2022-05-07,Giornata n. 36,15.0,5.0,13.0,6.0,0,0,0,0,491.0,573.0,308.0,393.0,6.0,9.0,12.0,2,0,2,0,18.0,59.0,41.0
0,355,Hellas Verona,1,Milan,3,P,2022-05-08,Giornata n. 36,10.0,3.0,18.0,8.0,0,0,0,0,314.0,403.0,355.0,450.0,5.0,8.0,17.0,2,0,1,0,7.0,47.0,53.0
0,356,Salernitana,1,Cagliari,1,N,2022-05-08,Giornata n. 36,12.0,2.0,9.0,3.0,1,1,0,0,283.0,388.0,332.0,427.0,7.0,6.0,12.0,5,1,2,1,18.0,48.0,52.0
0,357,Venezia,4,Bologna,3,V,2022-05-08,Giornata n. 36,16.0,7.0,23.0,10.0,1,2,0,0,256.0,348.0,420.0,508.0,4.0,8.0,10.0,2,0,4,0,16.0,41.0,59.0
0,358,Spezia,1,Atalanta,3,P,2022-05-08,Giornata n. 36,5.0,1.0,17.0,6.0,0,0,0,0,236.0,321.0,521.0,614.0,0.0,3.0,10.0,2,0,3,0,14.0,34.0,66.0
0,359,Fiorentina,2,Roma,0,V,2022-05-09,Giornata n. 36,11.0,6.0,7.0,1.0,1,1,0,0,480.0,561.0,407.0,492.0,5.0,3.0,17.0,3,0,1,0,15.0,53.0,47.0
0,360,Udinese,2,Spezia,3,P,2022-05-14,Giornata n. 37,17.0,6.0,10.0,7.0,0,0,0,1,463.0,561.0,244.0,358.0,4.0,2.0,18.0,3,0,2,0,11.0,61.0,39.0
0,361,Hellas Verona,0,Torino,1,P,2022-05-14,Giornata n. 37,10.0,5.0,11.0,5.0,0,0,0,0,279.0,378.0,336.0,437.0,4.0,4.0,19.0,3,0,2,0,20.0,46.0,54.0
0,362,Roma,1,Venezia,1,N,2022-05-14,Giornata n. 37,46.0,15.0,4.0,2.0,0,0,0,0,522.0,629.0,198.0,291.0,20.0,2.0,12.0,2,0,5,1,15.0,68.0,32.0
0,363,Empoli,1,Salernitana,1,N,2022-05-14,Giornata n. 37,16.0,6.0,28.0,8.0,0,0,0,1,308.0,390.0,375.0,471.0,3.0,11.0,18.0,3,0,2,0,9.0,45.0,55.0
0,364,Cagliari,1,Inter,3,P,2022-05-15,Giornata n. 37,10.0,2.0,17.0,7.0,0,0,0,0,294.0,375.0,527.0,601.0,2.0,5.0,14.0,0,0,2,0,15.0,38.0,62.0
0,365,Bologna,1,Sassuolo,3,P,2022-05-15,Giornata n. 37,8.0,1.0,16.0,7.0,1,1,0,0,412.0,495.0,325.0,405.0,4.0,9.0,11.0,0,0,1,0,11.0,55.0,45.0
0,366,Napoli,3,Genoa,0,V,2022-05-15,Giornata n. 37,16.0,8.0,11.0,3.0,1,1,0,0,487.0,585.0,236.0,308.0,9.0,2.0,13.0,1,0,1,0,21.0,66.0,34.0
0,367,Milan,2,Atalanta,0,V,2022-05-15,Giornata n. 37,12.0,6.0,12.0,2.0,0,0,0,0,314.0,401.0,407.0,490.0,4.0,6.0,12.0,3,0,4,0,16.0,45.0,55.0
0,368,Juventus,2,Lazio,2,N,2022-05-16,Giornata n. 37,4.0,2.0,18.0,7.0,0,0,0,0,315.0,369.0,555.0,627.0,0.0,9.0,20.0,3,0,3,0,17.0,37.0,63.0
0,369,Sampdoria,4,Fiorentina,1,V,2022-05-16,Giornata n. 37,13.0,5.0,11.0,0.0,0,0,1,1,232.0,309.0,452.0,537.0,4.0,5.0,19.0,3,1,3,0,9.0,37.0,63.0
0,370,Torino,0,Roma,3,P,2022-05-20,Giornata n. 38,13.0,2.0,11.0,4.0,0,0,2,2,444.0,522.0,296.0,374.0,5.0,6.0,11.0,2,0,2,0,13.0,58.0,42.0
0,371,Lazio,3,Hellas Verona,3,N,2022-05-21,Giornata n. 38,19.0,7.0,11.0,7.0,0,0,0,0,354.0,443.0,287.0,387.0,6.0,4.0,9.0,2,0,6,0,20.0,53.0,47.0
0,372,Genoa,0,Bologna,1,P,2022-05-21,Giornata n. 38,18.0,5.0,11.0,3.0,0,0,0,0,324.0,435.0,321.0,435.0,9.0,9.0,20.0,3,0,1,0,10.0,50.0,50.0
0,373,Fiorentina,2,Juventus,0,V,2022-05-21,Giornata n. 38,12.0,2.0,1.0,0.0,1,1,0,0,626.0,721.0,304.0,374.0,6.0,2.0,13.0,3,0,3,0,14.0,66.0,34.0
0,374,Atalanta,0,Empoli,1,P,2022-05-21,Giornata n. 38,40.0,9.0,7.0,3.0,0,0,0,0,542.0,645.0,321.0,407.0,15.0,2.0,8.0,1,0,1,0,9.0,61.0,39.0
0,375,Sassuolo,0,Milan,3,P,2022-05-22,Giornata n. 38,15.0,3.0,18.0,11.0,0,0,0,0,372.0,426.0,311.0,387.0,3.0,7.0,8.0,2,0,1,0,15.0,52.0,48.0
0,376,Salernitana,0,Udinese,4,P,2022-05-22,Giornata n. 38,25.0,11.0,18.0,10.0,0,0,0,1,456.0,528.0,395.0,481.0,7.0,1.0,11.0,1,0,1,0,15.0,52.0,48.0
0,377,Inter,3,Sampdoria,0,V,2022-05-22,Giornata n. 38,28.0,11.0,8.0,3.0,0,0,0,0,615.0,679.0,445.0,498.0,8.0,2.0,6.0,1,0,2,0,13.0,58.0,42.0
0,378,Spezia,0,Napoli,3,P,2022-05-22,Giornata n. 38,16.0,4.0,10.0,4.0,0,0,0,0,283.0,346.0,641.0,722.0,4.0,2.0,12.0,1,0,2,0,9.0,32.0,68.0
0,379,Venezia,0,Cagliari,0,N,2022-05-22,Giornata n. 38,8.0,1.0,30.0,7.0,0,0,0,0,306.0,413.0,428.0,536.0,6.0,11.0,11.0,0,0,3,0,22.0,44.0,56.0
