0,Chievo,2018-08-18,P,-1.0,Juventus,-23.0,-9.0,1.0,1.0,-44.0,3.0,2.0,0.0,2018-2019,0.0,0.0
1,Lazio,2018-08-18,P,-1.0,Napoli,0.0,-1.0,0.0,0.0,-28.0,3.0,0.0,0.0,2018-2019,0.0,0.0
2,Empoli,2018-08-19,V,2.0,Cagliari,-6.0,1.0,0.0,0.0,-6.0,-1.0,0.0,0.0,2018-2019,0.0,0.0
3,Torino,2018-08-19,P,-1.0,Roma,-7.0,-1.0,0.0,0.0,-16.0,-3.0,-2.0,0.0,2018-2019,0.0,0.0
4,Parma,2018-08-19,N,0.0,Udinese,-6.0,1.0,-1.0,-1.0,-12.0,1.0,0.0,0.0,2018-2019,0.0,0.0
5,Sassuolo,2018-08-19,V,1.0,Inter,-3.0,-1.0,1.0,1.0,-22.0,10.0,1.0,0.0,2018-2019,0.0,0.0
6,Bologna,2018-08-19,P,-1.0,SPAL,-1.0,-2.0,0.0,0.0,-18.0,1.0,1.0,1.0,2018-2019,0.0,0.0
7,Atalanta,2018-08-20,V,4.0,Frosinone,11.0,9.0,0.0,0.0,16.0,1.0,-2.0,0.0,2018-2019,0.0,0.0
8,Juventus,2018-08-25,V,2.0,Lazio,17.0,8.0,0.0,0.0,36.0,-1.0,0.0,0.0,2018-2019,0.0,0.0
9,Napoli,2018-08-25,V,1.0,Milan,17.0,6.0,0.0,0.0,2.0,0.0,0.0,0.0,2018-2019,0.0,0.0
10,Frosinone,2018-08-26,N,0.0,Bologna,-7.0,-3.0,0.0,0.0,1.0,-5.0,-1.0,-1.0,2018-2019,0.0,0.0
11,Genoa,2018-08-26,V,1.0,Empoli,-8.0,-1.0,0.0,0.0,-36.0,-1.0,1.0,0.0,2018-2019,0.0,0.0
12,SPAL,2018-08-26,V,-1.0,Parma,3.0,1.0,0.0,0.0,15.0,1.0,0.0,0.0,2018-2019,0.0,0.0
13,Cagliari,2018-08-26,N,-1.0,Sassuolo,4.0,1.0,-1.0,-1.0,14.0,-3.0,0.0,0.0,2018-2019,0.0,0.0
14,Udinese,2018-08-26,V,1.0,Sampdoria,2.0,3.0,0.0,0.0,-26.0,0.0,-2.0,0.0,2018-2019,0.0,0.0
15,Fiorentina,2018-08-26,V,5.0,Chievo,12.0,8.0,0.0,0.0,-8.0,6.0,-2.0,0.0,2018-2019,0.0,0.0
16,Inter,2018-08-26,N,0.0,Torino,2.0,-1.0,0.0,0.0,19.0,1.0,1.0,0.0,2018-2019,0.0,0.0
17,Roma,2018-08-27,N,-3.0,Atalanta,2.0,-4.0,0.0,0.0,0.0,0.0,3.0,0.0,2018-2019,0.0,0.0
18,Milan,2018-08-31,V,0.0,Roma,-15.0,-4.5,0.0,0.0,-7.5,0.5,0.0,0.0,2018-2019,0.0,0.0
19,Parma,2018-09-01,P,-1.5,Juventus,-15.5,-6.0,0.0,0.0,-20.5,6.5,0.5,0.0,2018-2019,0.0,0.0
20,Bologna,2018-09-01,P,-1.0,Inter,1.5,-1.0,0.0,0.0,-13.0,0.5,0.5,0.5,2018-2019,0.0,0.0
21,Atalanta,2018-09-02,P,2.5,Cagliari,5.0,3.5,0.0,0.0,4.5,-2.5,-3.0,0.0,2018-2019,0.0,0.0
22,Sampdoria,2018-09-02,V,-2.5,Napoli,-1.5,-3.0,0.0,0.0,5.5,2.5,2.0,0.0,2018-2019,0.0,0.0
23,Sassuolo,2018-09-02,V,-0.5,Genoa,-0.5,0.0,1.0,1.0,17.0,3.5,0.0,0.5,2018-2019,0.0,0.0
24,Chievo,2018-09-02,N,0.0,Empoli,-7.5,-2.0,0.5,0.5,-16.5,-7.5,0.0,0.0,2018-2019,0.0,0.0
25,Fiorentina,2018-09-02,V,4.5,Udinese,4.5,6.5,-0.5,-0.5,-0.5,2.0,-0.5,0.0,2018-2019,0.0,0.0
26,Lazio,2018-09-02,V,0.5,Frosinone,1.0,0.0,0.0,0.0,-6.0,-4.0,-1.0,0.0,2018-2019,0.0,0.0
27,Torino,2018-09-02,V,0.0,SPAL,-3.0,0.0,0.0,0.0,-15.0,-1.5,-2.0,0.0,2018-2019,0.0,0.0
28,Frosinone,2018-09-15,P,-1.5,Sampdoria,-3.5,-1.0,0.0,0.0,-12.666666666666664,0.0,-0.5,0.0,2018-2019,0.0,0.0
29,Napoli,2018-09-15,V,-1.8333333333333333,Fiorentina,0.33333333333333215,-1.666666666666667,0.0,0.0,1.3333333333333357,-0.5,0.0,0.0,2018-2019,0.0,0.0
30,Inter,2018-09-15,P,0.6666666666666667,Parma,4.333333333333334,1.0,0.0,0.0,22.66666666666667,-4.000000000000002,-0.3333333333333335,0.0,2018-2019,0.0,0.0
31,Genoa,2018-09-16,V,2.5,Bologna,4.0,1.6666666666666665,0.0,0.0,5.0,5.0,1.3333333333333333,-0.3333333333333333,2018-2019,0.0,0.0
32,Roma,2018-09-16,N,0.6666666666666667,Chievo,8.333333333333334,3.3333333333333335,-0.3333333333333333,-0.3333333333333333,14.333333333333329,0.0,0.0,0.0,2018-2019,0.0,0.0
33,Empoli,2018-09-16,P,0.33333333333333337,Lazio,-0.3333333333333339,0.0,0.0,0.0,11.0,4.0,1.0,0.0,2018-2019,0.0,0.0
34,Juventus,2018-09-16,V,-0.33333333333333304,Sassuolo,12.000000000000002,3.0,-0.6666666666666666,-0.6666666666666666,16.666666666666664,-8.333333333333334,-1.0,-0.3333333333333333,2018-2019,0.0,0.0
35,Udinese,2018-09-16,N,0.0,Torino,2.0,-1.9999999999999996,0.3333333333333333,0.3333333333333333,-3.0,-0.6666666666666661,0.0,0.0,2018-2019,0.0,0.0
36,Cagliari,2018-09-16,N,-1.0,Milan,-4.0,-2.5,0.0,0.0,-3.5,6.166666666666668,2.0,0.0,2018-2019,0.0,0.0
37,SPAL,2018-09-17,V,-1.666666666666667,Atalanta,-2.9999999999999982,-2.0,0.0,0.0,3.3333333333333357,2.333333333333334,2.0,0.0,2018-2019,0.0,0.0
38,Sampdoria,2018-09-19,N,0.33333333333333304,Fiorentina,-3.0,-1.3333333333333335,0.3333333333333333,0.3333333333333333,7.666666666666664,-0.6666666666666661,-0.6666666666666665,0.0,2018-2019,0.0,0.0
39,Sassuolo,2018-09-21,V,1.5,Empoli,-0.75,1.5,0.5,0.5,-8.75,2.25,1.0,0.25,2018-2019,0.0,0.0
40,Sampdoria,2018-09-22,P,1.0,Inter,-6.0,-0.75,0.25,0.25,-6.5,2.25,0.75,0.0,2018-2019,0.0,0.0
41,Parma,2018-09-22,V,0.0,Cagliari,-1.75,-0.25,0.0,0.0,-8.0,-2.75,-0.75,0.0,2018-2019,0.0,0.0
42,Fiorentina,2018-09-22,V,1.0,SPAL,0.0,1.75,0.0,0.0,-4.25,-1.5,-0.5,0.0,2018-2019,0.0,0.0
43,Lazio,2018-09-23,V,-1.25,Genoa,1.333333333333334,-0.5,0.0,0.0,1.0833333333333357,-4.166666666666668,-1.1666666666666665,0.0,2018-2019,0.0,0.0
44,Torino,2018-09-23,P,-0.5,Napoli,-6.25,0.25,0.0,0.0,-4.25,1.75,-0.25,0.0,2018-2019,0.0,0.0
45,Frosinone,2018-09-23,P,-2.25,Juventus,-13.5,-4.75,0.0,0.0,-16.75,1.25,0.0,-0.25,2018-2019,0.0,0.0
46,Milan,2018-09-23,N,-0.08333333333333326,Atalanta,1.1666666666666679,1.25,0.0,0.0,1.1666666666666643,-4.25,-1.0,0.0,2018-2019,0.0,0.0
47,Bologna,2018-09-23,V,-1.75,Roma,-4.75,-4.5,0.0,0.0,-13.0,4.0,0.75,0.5,2018-2019,0.0,0.0
48,Chievo,2018-09-23,P,0.25,Udinese,-2.5,0.25,0.0,0.0,-0.75,-3.0,0.25,0.0,2018-2019,0.0,0.0
49,Inter,2018-09-25,V,-1.0000000000000002,Fiorentina,1.9999999999999982,-1.5999999999999996,0.0,0.0,13.600000000000001,-1.5999999999999996,-0.6000000000000001,0.0,2018-2019,0.0,0.0
50,Juventus,2018-09-26,V,1.8000000000000003,Bologna,11.8,5.0,0.0,0.0,21.799999999999997,-2.4000000000000004,-0.3999999999999999,-0.2,2018-2019,0.0,0.0
51,Atalanta,2018-09-26,N,0.8,Torino,4.400000000000002,0.5999999999999996,-0.2,-0.2,1.0,-2.8000000000000007,0.19999999999999996,0.0,2018-2019,0.0,0.0
52,Genoa,2018-09-26,V,0.75,Chievo,3.1999999999999993,0.6000000000000001,-0.2,-0.2,1.5499999999999972,1.4000000000000004,0.8999999999999999,0.0,2018-2019,0.0,0.0
53,Cagliari,2018-09-26,N,-1.0,Sampdoria,0.6000000000000014,-0.3999999999999999,-0.2,-0.2,-6.799999999999997,0.3999999999999986,-0.19999999999999973,0.0,2018-2019,0.0,0.0
54,Napoli,2018-09-26,V,0.6000000000000001,Parma,7.800000000000001,1.2000000000000002,0.0,0.0,20.0,-0.40000000000000036,0.19999999999999996,0.0,2018-2019,0.0,0.0
55,Roma,2018-09-26,V,1.4,Frosinone,11.200000000000001,5.6,0.0,0.0,17.6,-2.4000000000000004,-0.19999999999999973,0.0,2018-2019,0.0,0.0
56,Udinese,2018-09-26,P,-0.19999999999999996,Lazio,-5.0,-1.0,0.2,0.2,-8.399999999999999,2.0,0.0,0.0,2018-2019,0.0,0.0
57,Empoli,2018-09-27,N,-0.95,Milan,-3.0,-2.7,0.0,0.0,-0.20000000000000284,3.1500000000000004,0.9500000000000002,0.2,2018-2019,0.0,0.0
58,SPAL,2018-09-27,P,-1.5999999999999999,Sassuolo,-1.200000000000001,-1.0,-0.4,-0.4,-0.7999999999999972,-1.5999999999999979,0.19999999999999973,-0.2,2018-2019,0.0,0.0
59,Inter,2018-09-29,V,0.8,Cagliari,5.599999999999998,1.2000000000000002,0.2,0.2,11.600000000000001,-0.8000000000000007,-0.40000000000000013,0.0,2018-2019,0.0,0.0
60,Juventus,2018-09-29,V,0.0,Napoli,-0.8000000000000007,1.0,0.0,0.0,6.0,-2.4000000000000004,0.3999999999999999,0.2,2018-2019,0.0,0.0
61,Roma,2018-09-29,V,0.3999999999999999,Lazio,2.0,3.8,0.0,0.0,6.799999999999997,-2.8000000000000007,-1.0,0.0,2018-2019,0.0,0.0
62,Parma,2018-09-30,V,0.20000000000000007,Empoli,-3.6000000000000014,0.7999999999999998,-0.2,-0.2,-21.599999999999994,1.4000000000000004,0.0,-0.2,2018-2019,0.0,0.0
63,Frosinone,2018-09-30,P,-1.8,Genoa,-6.0,-2.4,0.0,0.0,-8.400000000000006,-2.1999999999999993,-0.5999999999999996,0.0,2018-2019,0.0,0.0
64,Chievo,2018-09-30,P,-0.4,Torino,0.40000000000000036,0.0,-0.2,-0.2,-1.7999999999999972,-3.6000000000000014,0.3999999999999999,0.0,2018-2019,0.0,0.0
65,Fiorentina,2018-09-30,V,0.19999999999999996,Atalanta,-1.6000000000000014,0.8000000000000003,0.0,0.0,-1.7999999999999972,1.8000000000000007,0.3999999999999999,0.0,2018-2019,0.0,0.0
66,Sassuolo,2018-09-30,P,1.0,Milan,-3.4000000000000004,-0.6000000000000005,0.2,0.2,-0.8000000000000043,5.399999999999999,0.6000000000000001,0.2,2018-2019,0.0,0.0
67,Bologna,2018-09-30,V,-0.6,Udinese,-0.40000000000000036,-1.9999999999999998,0.0,0.0,-4.200000000000003,-0.40000000000000036,1.0,0.2,2018-2019,0.0,0.0
68,Sampdoria,2018-10-01,V,1.2000000000000002,SPAL,-2.5999999999999996,0.19999999999999973,0.2,0.4,4.800000000000004,0.40000000000000213,-0.20000000000000018,0.0,2018-2019,0.0,0.0
69,Torino,2018-10-05,V,0.6000000000000001,Frosinone,2.1999999999999993,1.8000000000000003,0.0,0.0,16.800000000000004,3.799999999999999,-0.5999999999999999,0.0,2018-2019,0.0,0.0
70,Cagliari,2018-10-06,V,-0.4,Bologna,-2.200000000000001,-0.3999999999999999,0.0,0.0,14.799999999999997,2.0,-0.8,-0.2,2018-2019,0.0,0.0
71,Udinese,2018-10-06,P,-1.2000000000000002,Juventus,-10.799999999999999,-4.4,0.0,0.0,-17.4,0.40000000000000036,-0.3999999999999999,-0.2,2018-2019,0.0,0.0
72,Empoli,2018-10-06,P,-1.6,Roma,-5.199999999999999,-5.6000000000000005,0.2,0.2,-2.200000000000003,0.0,0.20000000000000018,0.2,2018-2019,0.0,0.0
73,Milan,2018-10-07,V,1.6,Chievo,8.6,4.0,0.0,0.0,7.199999999999996,-4.799999999999999,-0.8,0.0,2018-2019,0.0,0.0
74,Lazio,2018-10-07,V,0.40000000000000013,Fiorentina,6.000000000000002,0.1999999999999993,-0.2,-0.2,9.799999999999997,-2.1999999999999993,-0.20000000000000018,0.0,2018-2019,0.0,0.0
75,Napoli,2018-10-07,V,-0.7999999999999998,Sassuolo,5.199999999999999,-0.6000000000000005,0.0,0.0,1.2000000000000028,-1.8000000000000007,0.7999999999999998,0.2,2018-2019,0.0,0.0
76,SPAL,2018-10-07,P,-1.0,Inter,-6.200000000000001,-1.2000000000000002,-0.2,-0.2,-11.0,2.5999999999999996,0.8000000000000003,0.0,2018-2019,0.0,0.0
77,Genoa,2018-10-07,P,0.8,Parma,3.3999999999999986,0.6000000000000001,0.0,0.0,18.4,2.200000000000001,0.6000000000000001,0.0,2018-2019,0.0,0.0
78,Atalanta,2018-10-07,P,-1.2000000000000002,Sampdoria,2.799999999999999,-1.7999999999999998,-0.2,-0.4,1.7999999999999972,-3.799999999999999,0.0,0.0,2018-2019,0.0,0.0
79,Udinese,2018-10-20,P,-1.0,Napoli,-8.2,-2.2,0.0,0.0,-10.0,0.1999999999999993,0.3999999999999999,-0.2,2018-2019,0.0,0.0
80,Roma,2018-10-20,P,1.4000000000000001,SPAL,5.800000000000001,3.9999999999999996,0.0,-0.2,9.600000000000001,-4.4,-1.2,0.0,2018-2019,0.0,0.0
81,Juventus,2018-10-20,N,0.8000000000000003,Genoa,4.800000000000001,2.2,0.0,0.0,9.199999999999996,0.40000000000000036,-0.20000000000000018,0.2,2018-2019,0.0,0.0
82,Parma,2018-10-21,P,-0.40000000000000013,Lazio,-6.199999999999999,-1.0,0.0,0.0,-16.799999999999997,-3.1999999999999993,-1.2000000000000002,0.0,2018-2019,0.0,0.0
83,Inter,2018-10-21,V,-0.8000000000000003,Milan,-1.1999999999999993,-2.2,0.2,0.2,-1.0,5.600000000000001,0.20000000000000018,0.0,2018-2019,0.0,0.0
84,Bologna,2018-10-21,N,-0.3999999999999999,Torino,-0.5999999999999996,-0.6000000000000001,-0.2,-0.2,-16.199999999999996,-4.0,1.0,0.2,2018-2019,0.0,0.0
85,Frosinone,2018-10-21,N,0.19999999999999996,Empoli,-3.0,0.19999999999999996,0.0,-0.2,-12.599999999999994,4.399999999999999,0.20000000000000018,-0.2,2018-2019,0.0,0.0
86,Fiorentina,2018-10-21,N,0.7999999999999999,Cagliari,3.0,2.8000000000000003,0.2,0.2,-4.0,2.4000000000000004,0.5999999999999999,0.0,2018-2019,0.0,0.0
87,Chievo,2018-10-21,P,0.19999999999999996,Atalanta,-4.800000000000001,-0.3999999999999999,0.0,0.0,-11.399999999999999,2.200000000000001,-0.6000000000000001,0.0,2018-2019,0.0,0.0
88,Sampdoria,2018-10-22,N,-0.5999999999999999,Sassuolo,-3.799999999999999,-1.2000000000000002,0.0,0.2,-6.600000000000001,2.5999999999999996,1.8000000000000003,-0.2,2018-2019,0.0,0.0
89,Torino,2018-10-27,N,0.0,Fiorentina,-0.40000000000000036,0.20000000000000018,-0.2,-0.2,2.3999999999999986,5.199999999999999,0.20000000000000018,0.0,2018-2019,0.0,0.0
90,Empoli,2018-10-27,P,-1.0,Juventus,-6.199999999999999,-3.8000000000000003,0.2,0.4,-12.0,0.0,1.0,0.2,2018-2019,0.0,0.0
91,Atalanta,2018-10-27,V,0.19999999999999996,Parma,8.2,1.2000000000000002,0.0,0.0,22.599999999999994,1.4000000000000004,-0.19999999999999996,0.0,2018-2019,0.0,0.0
92,Cagliari,2018-10-28,V,0.19999999999999996,Chievo,1.200000000000001,1.1999999999999997,-0.2,-0.2,8.599999999999994,-2.9999999999999982,-0.20000000000000018,-0.2,2018-2019,0.0,0.0
93,Napoli,2018-10-28,N,0.5999999999999999,Roma,-0.7999999999999972,-2.0,0.2,0.2,-5.200000000000003,-2.1999999999999993,0.3999999999999999,0.2,2018-2019,0.0,0.0
94,Sassuolo,2018-10-28,N,0.0,Bologna,2.0,1.2000000000000002,0.0,0.0,14.600000000000001,2.8000000000000007,-1.2000000000000002,0.2,2018-2019,0.0,0.0
95,Genoa,2018-10-28,N,0.5999999999999999,Udinese,3.799999999999999,1.0,0.0,0.0,2.6000000000000014,1.799999999999999,-0.20000000000000018,0.0,2018-2019,0.0,0.0
96,Milan,2018-10-28,V,1.4,Sampdoria,6.600000000000001,2.1999999999999997,0.0,-0.2,3.3999999999999986,-5.799999999999999,-0.7999999999999998,0.0,2018-2019,0.0,0.0
97,SPAL,2018-10-28,P,-0.3999999999999999,Frosinone,0.0,1.0,-0.2,0.0,9.399999999999999,-1.8000000000000007,0.8000000000000003,0.2,2018-2019,0.0,0.0
98,Lazio,2018-10-29,P,0.3999999999999999,Inter,0.5999999999999996,2.1999999999999997,0.0,0.0,1.6000000000000014,-2.5999999999999996,1.6,0.0,2018-2019,0.0,0.0
99,Milan,2018-10-31,V,0.6000000000000001,Genoa,1.799999999999999,1.4000000000000004,-0.2,-0.2,2.3999999999999986,-4.199999999999999,-0.6000000000000001,-0.2,2018-2019,0.0,0.0
100,Napoli,2018-11-02,V,1.0,Empoli,5.199999999999999,1.6,0.0,-0.2,4.399999999999999,-3.6000000000000014,-0.3999999999999999,0.2,2018-2019,0.0,0.0
101,Fiorentina,2018-11-03,N,-1.0,Roma,-3.6000000000000014,-2.4000000000000004,0.4,0.4,-4.600000000000001,4.600000000000001,0.20000000000000018,0.0,2018-2019,0.0,0.0
102,Juventus,2018-11-03,V,1.0,Cagliari,8.399999999999999,3.5999999999999996,0.2,0.2,12.600000000000001,-0.40000000000000036,0.0,0.0,2018-2019,0.0,0.0
103,Inter,2018-11-03,V,0.6000000000000001,Genoa,1.1999999999999993,-0.20000000000000018,0.0,0.0,7.399999999999999,0.3999999999999986,-0.8,-0.2,2018-2019,0.0,0.0
104,Chievo,2018-11-04,P,-0.4,Sassuolo,-3.4000000000000004,-3.0,0.0,0.0,-14.399999999999999,1.200000000000001,1.6,0.0,2018-2019,0.0,0.0
105,Udinese,2018-11-04,P,-1.5999999999999999,Milan,-5.6,-2.4000000000000004,0.0,0.0,-2.0,2.5999999999999996,0.8000000000000003,0.0,2018-2019,0.0,0.0
106,Bologna,2018-11-04,P,-0.40000000000000013,Atalanta,-7.600000000000001,-1.7999999999999998,0.0,0.0,-22.4,0.3999999999999986,1.1999999999999997,0.0,2018-2019,0.0,0.0
107,Parma,2018-11-04,N,-1.0,Frosinone,-2.8000000000000007,-0.8000000000000003,-0.4,-0.4,-4.799999999999997,-5.4,-1.0,0.0,2018-2019,0.0,0.0
108,Sampdoria,2018-11-04,P,-0.3999999999999999,Torino,-3.5999999999999996,-0.8000000000000003,0.0,0.2,-5.200000000000003,-3.8000000000000007,0.5999999999999996,0.0,2018-2019,0.0,0.0
109,Lazio,2018-11-04,V,0.3999999999999999,SPAL,4.199999999999999,1.6,0.0,-0.2,-1.2000000000000028,0.7999999999999989,0.20000000000000018,-0.2,2018-2019,0.0,0.0
110,Frosinone,2018-11-09,N,0.8,Fiorentina,0.0,-0.3999999999999999,-0.19999999999999996,-0.19999999999999996,-1.8000000000000043,2.1999999999999993,1.0,0.0,2018-2019,0.0,0.0
111,SPAL,2018-11-10,N,-0.19999999999999996,Cagliari,1.0,0.3999999999999999,0.2,0.4,3.200000000000003,-1.0,1.4,0.2,2018-2019,0.0,0.0
112,Torino,2018-11-10,P,1.4000000000000001,Parma,6.800000000000001,2.9999999999999996,0.2,0.2,18.6,9.399999999999999,0.7999999999999998,-0.2,2018-2019,0.0,0.0
113,Genoa,2018-11-10,P,-1.4,Napoli,-3.8000000000000007,-2.2,0.0,0.0,-9.600000000000001,6.399999999999999,0.7999999999999998,0.0,2018-2019,0.0,0.0
114,Empoli,2018-11-11,V,0.4,Udinese,3.200000000000001,1.0,0.0,0.2,6.0,-2.5999999999999996,-1.0,-0.2,2018-2019,0.0,0.0
115,Sassuolo,2018-11-11,N,-0.6000000000000001,Lazio,-6.400000000000002,-2.8,0.0,0.0,6.199999999999996,2.400000000000002,-0.6000000000000001,0.2,2018-2019,0.0,0.0
116,Atalanta,2018-11-11,V,-0.6000000000000001,Inter,5.600000000000001,0.20000000000000018,0.0,0.0,7.0,-1.4000000000000004,-0.3999999999999999,0.0,2018-2019,0.0,0.0
117,Chievo,2018-11-11,N,-0.7999999999999999,Bologna,-5.800000000000001,-3.2,0.2,0.2,3.200000000000003,4.4,0.8000000000000003,0.4,2018-2019,0.0,0.0
118,Roma,2018-11-11,V,0.19999999999999996,Sampdoria,3.799999999999999,1.2000000000000002,0.0,-0.2,3.200000000000003,1.4000000000000004,0.3999999999999999,0.0,2018-2019,0.0,0.0
119,Milan,2018-11-11,P,-0.40000000000000013,Juventus,-0.8000000000000007,1.0,-0.2,-0.2,-3.1999999999999957,-4.0,0.9999999999999998,0.0,2018-2019,0.0,0.0
120,Inter,2018-11-24,V,0.5999999999999999,Frosinone,5.4,1.3999999999999995,0.0,0.0,12.800000000000004,1.0,-1.0,0.2,2018-2019,0.0,0.0
121,Udinese,2018-11-24,V,-1.0,Roma,1.5999999999999996,0.0,0.0,0.2,-4.800000000000004,1.4000000000000004,0.3999999999999999,0.2,2018-2019,0.0,0.0
122,Juventus,2018-11-24,V,0.8,SPAL,7.799999999999999,1.4,0.0,-0.2,8.399999999999999,1.5999999999999996,-2.2,-0.2,2018-2019,0.0,0.0
123,Bologna,2018-11-25,N,0.5999999999999999,Fiorentina,-2.200000000000001,-0.7999999999999998,-0.4,-0.4,-9.600000000000001,0.6000000000000014,0.6000000000000001,0.0,2018-2019,0.0,0.0
124,Empoli,2018-11-25,V,-1.4,Atalanta,-7.0,-2.4000000000000004,0.0,0.2,-11.799999999999997,-0.8000000000000007,0.6000000000000001,0.0,2018-2019,0.0,0.0
125,Genoa,2018-11-25,N,0.0,Sampdoria,0.40000000000000036,0.20000000000000018,0.2,0.0,-12.0,5.600000000000001,1.1999999999999997,0.2,2018-2019,0.0,0.0
126,Lazio,2018-11-25,N,0.40000000000000013,Milan,1.8000000000000007,0.7999999999999998,0.2,0.0,-1.2000000000000028,2.1999999999999993,-0.20000000000000018,-0.2,2018-2019,0.0,0.0
127,Parma,2018-11-25,V,0.0,Sassuolo,-2.0,-0.7999999999999998,-0.2,-0.2,-18.199999999999996,-5.399999999999999,-0.6000000000000001,0.0,2018-2019,0.0,0.0
128,Napoli,2018-11-25,N,1.6,Chievo,9.599999999999998,4.6000000000000005,-0.2,-0.2,10.799999999999997,-8.4,-1.6,-0.4,2018-2019,0.0,0.0
129,Cagliari,2018-11-26,N,-0.6000000000000001,Torino,-5.199999999999999,-2.0000000000000004,-0.2,-0.2,-7.399999999999999,-3.5999999999999996,0.19999999999999973,0.0,2018-2019,0.0,0.0
130,SPAL,2018-12-01,N,-1.0,Empoli,-4.6,-3.1999999999999997,0.2,0.0,3.5999999999999943,-1.0,0.7999999999999998,0.2,2018-2019,0.0,0.0
131,Fiorentina,2018-12-01,P,-1.2,Juventus,-1.6000000000000014,0.20000000000000018,0.2,0.2,-5.399999999999999,0.6000000000000014,0.20000000000000018,0.0,2018-2019,0.0,0.0
132,Sampdoria,2018-12-01,V,-0.3999999999999999,Bologna,-2.0,-1.4,0.0,0.2,12.799999999999997,-2.5999999999999996,-0.7999999999999998,0.0,2018-2019,0.0,0.0
133,Torino,2018-12-02,V,0.6000000000000001,Genoa,4.199999999999999,1.1999999999999997,-0.2,-0.2,15.0,2.3999999999999986,-1.6,-0.2,2018-2019,0.0,0.0
134,Roma,2018-12-02,N,-1.4000000000000001,Inter,-0.1999999999999993,-1.0,-0.2,-0.2,-3.8000000000000043,0.40000000000000036,0.0,-0.2,2018-2019,0.0,0.0
135,Frosinone,2018-12-02,N,0.19999999999999996,Cagliari,-1.4000000000000004,0.6000000000000001,0.2,0.2,-7.599999999999994,-3.0,1.2000000000000002,0.0,2018-2019,0.0,0.0
136,Milan,2018-12-02,V,0.5999999999999999,Parma,3.4000000000000004,2.2,0.0,0.2,14.399999999999999,0.8000000000000007,0.0,0.0,2018-2019,0.0,0.0
137,Chievo,2018-12-02,N,-0.8,Lazio,-9.8,-3.8,0.2,0.2,-4.0,3.6000000000000014,1.1999999999999997,0.4,2018-2019,0.0,0.0
138,Sassuolo,2018-12-02,N,0.3999999999999999,Udinese,-3.8000000000000007,-1.5999999999999996,0.4,0.2,12.600000000000001,3.0,0.20000000000000018,-0.2,2018-2019,0.0,0.0
139,Atalanta,2018-12-03,P,1.0,Napoli,-0.1999999999999993,1.0,-0.2,-0.2,-2.200000000000003,3.5999999999999996,0.19999999999999996,0.2,2018-2019,0.0,0.0
140,Juventus,2018-12-07,V,-0.3999999999999999,Inter,-2.9999999999999982,-2.2,0.2,0.2,-5.799999999999997,3.0,-0.40000000000000013,-0.2,2018-2019,0.0,0.0
141,Cagliari,2018-12-08,N,-0.40000000000000013,Roma,-4.600000000000001,-2.0,-0.2,-0.2,-1.1999999999999957,2.1999999999999993,1.2000000000000002,0.2,2018-2019,0.0,0.0
142,Lazio,2018-12-08,N,-0.40000000000000013,Sampdoria,9.6,1.6,0.0,-0.2,-1.5999999999999943,0.0,0.19999999999999996,0.0,2018-2019,0.0,0.0
143,Napoli,2018-12-08,V,1.0,Frosinone,8.6,2.6000000000000005,0.0,0.0,17.4,-4.0,-2.2,0.0,2018-2019,0.0,0.0
144,Milan,2018-12-09,N,-0.40000000000000013,Torino,-2.5999999999999996,-0.40000000000000036,-0.2,0.0,-4.799999999999997,-6.600000000000001,0.40000000000000013,0.2,2018-2019,0.0,0.0
145,Empoli,2018-12-09,V,0.6000000000000001,Bologna,1.5999999999999996,0.7999999999999998,0.0,0.2,2.799999999999997,-1.8000000000000007,-0.3999999999999999,0.0,2018-2019,0.0,0.0
146,Parma,2018-12-09,N,0.19999999999999996,Chievo,2.200000000000001,1.0,-0.2,-0.2,-8.799999999999997,-3.6000000000000014,-1.4,0.0,2018-2019,0.0,0.0
147,Udinese,2018-12-09,P,-1.5999999999999999,Atalanta,-5.799999999999999,-2.3999999999999995,0.0,0.2,-12.799999999999997,2.799999999999999,0.8,0.0,2018-2019,0.0,0.0
148,Genoa,2018-12-09,N,-0.19999999999999996,SPAL,-0.20000000000000107,0.20000000000000018,0.2,0.2,-16.0,5.200000000000001,0.0,0.0,2018-2019,0.0,0.0
149,Sassuolo,2018-12-09,N,0.6,Fiorentina,-2.1999999999999993,-2.1999999999999997,0.2,0.2,14.200000000000003,-0.5999999999999979,0.20000000000000018,0.0,2018-2019,0.0,0.0
150,Inter,2018-12-15,V,1.6,Udinese,4.6,2.8000000000000003,0.2,0.0,17.599999999999994,0.40000000000000036,0.0,0.0,2018-2019,0.0,0.0
151,Torino,2018-12-15,P,-0.8000000000000003,Juventus,1.3999999999999986,0.7999999999999998,0.2,0.2,2.0,3.5999999999999996,0.3999999999999999,0.0,2018-2019,0.0,0.0
152,Frosinone,2018-12-16,P,-0.9999999999999999,Sassuolo,-4.200000000000001,0.20000000000000018,-0.2,-0.2,-18.6,-2.3999999999999986,-0.7999999999999998,-0.2,2018-2019,0.0,0.0
153,Cagliari,2018-12-16,P,-1.4000000000000001,Napoli,-7.6,-4.199999999999999,0.0,0.0,-5.399999999999999,6.800000000000001,2.2,0.6,2018-2019,0.0,0.0
154,Roma,2018-12-16,V,1.0,Genoa,9.4,3.0,-0.2,-0.2,19.799999999999997,-1.8000000000000007,-1.4000000000000001,-0.4,2018-2019,0.0,0.0
155,Sampdoria,2018-12-16,V,0.6000000000000001,Parma,-4.0,0.0,0.0,0.2,11.600000000000001,-2.5999999999999996,-0.5999999999999996,0.0,2018-2019,0.0,0.0
156,Fiorentina,2018-12-16,V,-1.0,Empoli,4.0,0.39999999999999947,0.2,0.0,3.6000000000000014,4.799999999999999,0.5999999999999996,0.2,2018-2019,0.0,0.0
157,SPAL,2018-12-16,N,0.3999999999999999,Chievo,2.0,1.5999999999999999,-0.2,-0.2,12.200000000000003,-5.199999999999999,0.0,-0.2,2018-2019,0.0,0.0
158,Atalanta,2018-12-17,V,0.5999999999999999,Lazio,-2.8000000000000007,-1.2000000000000002,-0.2,-0.2,6.0,-1.5999999999999996,0.0,0.2,2018-2019,0.0,0.0
159,Bologna,2018-12-18,N,0.19999999999999996,Milan,0.5999999999999996,0.7999999999999998,-0.2,-0.4,-3.6000000000000014,1.5999999999999996,0.19999999999999973,-0.2,2018-2019,0.0,0.0
160,Parma,2018-12-22,N,0.3999999999999999,Bologna,-0.7999999999999989,-0.9999999999999996,0.0,0.0,-11.600000000000001,1.4000000000000004,0.19999999999999973,0.0,2018-2019,0.0,0.0
161,Empoli,2018-12-22,P,0.0,Sampdoria,5.0,0.8000000000000007,0.0,0.2,-11.599999999999994,1.5999999999999996,-0.20000000000000018,-0.2,2018-2019,0.0,0.0
162,Milan,2018-12-22,P,-0.7999999999999999,Fiorentina,-6.6,-4.0,0.2,0.4,2.3999999999999986,-8.400000000000002,-0.20000000000000018,0.2,2018-2019,0.0,0.0
163,Juventus,2018-12-22,V,-0.40000000000000013,Roma,-4.600000000000001,-1.2000000000000002,0.2,0.2,0.19999999999999574,1.0,1.2000000000000002,0.0,2018-2019,0.0,0.0
164,Chievo,2018-12-22,N,-0.5999999999999999,Inter,-6.199999999999999,-2.0,-0.2,-0.2,-17.800000000000004,2.1999999999999993,1.0,0.0,2018-2019,0.0,0.0
165,Napoli,2018-12-22,V,0.8,SPAL,5.0,3.0,0.0,0.0,4.799999999999997,-4.600000000000001,-1.2,-0.2,2018-2019,0.0,0.0
166,Sassuolo,2018-12-22,N,0.7999999999999999,Torino,2.6000000000000014,-1.4,0.0,0.0,9.600000000000001,-3.4000000000000004,1.4,0.2,2018-2019,0.0,0.0
167,Lazio,2018-12-22,V,0.0,Cagliari,7.600000000000001,1.1999999999999997,0.2,0.2,2.5999999999999943,0.0,-0.7999999999999998,-0.6,2018-2019,0.0,0.0
168,Genoa,2018-12-22,V,-1.0000000000000002,Atalanta,-3.799999999999999,-0.40000000000000036,0.4,0.4,-18.0,6.4,0.3999999999999999,0.2,2018-2019,0.0,0.0
169,Udinese,2018-12-22,N,0.19999999999999996,Frosinone,-0.1999999999999993,-1.5999999999999996,0.0,0.2,2.1999999999999957,-0.5999999999999996,-0.7999999999999998,0.0,2018-2019,0.0,0.0
170,Inter,2018-12-26,V,-0.20000000000000018,Napoli,-0.8000000000000007,-0.7999999999999998,0.2,0.2,0.0,3.5999999999999996,0.0,0.0,2018-2019,0.0,0.0
171,Frosinone,2018-12-26,N,-0.19999999999999996,Milan,-3.0,0.7999999999999998,0.0,0.0,-20.6,6.199999999999999,0.20000000000000018,-0.2,2018-2019,0.0,0.0
172,Roma,2018-12-26,V,0.0,Sassuolo,-1.5999999999999979,2.0,0.0,0.0,-10.200000000000003,-0.20000000000000107,-1.6,-0.2,2018-2019,0.0,0.0
173,Sampdoria,2018-12-26,V,2.0,Chievo,1.0,3.6,0.0,0.0,20.0,-1.4000000000000004,-0.40000000000000036,0.0,2018-2019,0.0,0.0
174,Bologna,2018-12-26,P,-0.9999999999999999,Lazio,-11.0,-2.8000000000000003,-0.2,-0.2,-11.800000000000004,-2.1999999999999993,0.20000000000000018,0.0,2018-2019,0.0,0.0
175,Fiorentina,2018-12-26,P,0.5999999999999999,Parma,5.4,2.8000000000000003,0.0,0.0,8.200000000000003,6.800000000000001,0.7999999999999998,0.2,2018-2019,0.0,0.0
176,Atalanta,2018-12-26,N,0.0,Juventus,-1.799999999999999,-2.2,-0.2,0.0,6.0,-4.0,-0.3999999999999999,0.6,2018-2019,0.0,0.0
177,SPAL,2018-12-26,N,0.0,Udinese,7.3999999999999995,2.4000000000000004,0.0,0.0,18.4,-1.200000000000001,1.4,0.2,2018-2019,0.0,0.0
178,Cagliari,2018-12-26,V,-0.8,Genoa,-1.4000000000000004,-0.6000000000000001,-0.2,-0.2,14.0,-2.1999999999999993,0.5999999999999996,0.19999999999999996,2018-2019,0.0,0.0
179,Torino,2018-12-26,V,-1.4,Empoli,0.0,-0.20000000000000018,0.0,-0.2,8.399999999999999,2.0,0.0,0.0,2018-2019,0.0,0.0
180,Milan,2018-12-29,V,-0.19999999999999996,SPAL,3.5999999999999996,0.6000000000000005,0.2,0.2,5.800000000000004,-1.3999999999999986,-0.20000000000000018,0.0,2018-2019,0.0,0.0
181,Udinese,2018-12-29,V,-0.6,Cagliari,-7.6,-3.2,-0.2,-0.2,-12.0,0.1999999999999993,-1.4,-0.6,2018-2019,0.0,0.0
182,Chievo,2018-12-29,V,0.19999999999999996,Frosinone,-3.5999999999999996,-2.4,-0.2,-0.2,2.4000000000000057,1.1999999999999993,0.6000000000000001,0.2,2018-2019,0.0,0.0
183,Genoa,2018-12-29,N,0.0,Fiorentina,-7.4,-1.7999999999999998,0.2,0.2,-13.199999999999996,-4.0,-1.6,0.0,2018-2019,0.0,0.0
184,Lazio,2018-12-29,N,0.40000000000000013,Torino,7.4,1.2000000000000002,0.0,0.0,6.600000000000001,-0.6000000000000014,-0.19999999999999973,0.0,2018-2019,0.0,0.0
185,Empoli,2018-12-29,P,0.3999999999999999,Inter,-3.4000000000000004,0.20000000000000018,0.0,0.0,-17.0,1.4000000000000004,0.19999999999999973,0.2,2018-2019,0.0,0.0
186,Juventus,2018-12-29,V,-1.1999999999999997,Sampdoria,3.0,-2.3999999999999995,0.4,0.4,-4.799999999999997,-3.0,-0.6000000000000001,0.0,2018-2019,0.0,0.0
187,Sassuolo,2018-12-29,P,-0.20000000000000018,Atalanta,3.8000000000000007,0.7999999999999998,-0.2,-0.4,2.1999999999999957,2.5999999999999996,0.5999999999999999,-0.2,2018-2019,0.0,0.0
188,Napoli,2018-12-29,V,1.2000000000000002,Bologna,6.399999999999999,1.8000000000000003,0.0,0.0,12.800000000000004,-2.1999999999999993,-0.3999999999999999,0.4,2018-2019,0.0,0.0
189,Parma,2018-12-29,P,-1.4,Roma,-5.6,-4.4,-0.4,-0.4,-5.599999999999994,-1.4000000000000004,1.1999999999999997,0.0,2018-2019,0.0,0.0
190,Udinese,2019-01-19,P,0.4,Parma,1.0,-0.19999999999999996,0.0,0.2,-2.0,2.4000000000000004,-0.8,0.2,2018-2019,0.0,0.0
191,Roma,2019-01-19,V,1.0,Torino,6.0,2.2,0.0,0.0,4.200000000000003,-3.8000000000000007,-1.0,-0.2,2018-2019,1.0,0.0
192,Inter,2019-01-19,N,-1.0,Sassuolo,-3.6000000000000014,-2.0,0.2,0.2,4.0,-1.1999999999999993,0.20000000000000018,-0.2,2018-2019,0.0,1.0
193,Frosinone,2019-01-20,P,-2.4,Atalanta,-2.8000000000000007,-0.8000000000000003,0.0,-0.2,-17.6,4.0,1.0,-0.2,2018-2019,0.0,1.0
194,Cagliari,2019-01-20,N,-0.19999999999999996,Empoli,1.5999999999999996,0.20000000000000018,0.0,0.0,12.600000000000001,-2.0,0.20000000000000018,0.39999999999999997,2018-2019,0.0,1.0
195,SPAL,2019-01-20,N,-0.19999999999999996,Bologna,3.799999999999999,0.20000000000000018,0.0,0.0,12.399999999999999,0.0,0.19999999999999973,0.0,2018-2019,1.0,0.0
196,Napoli,2019-01-20,V,0.19999999999999996,Lazio,-2.3999999999999986,-0.6000000000000005,-0.2,-0.2,5.400000000000006,-5.799999999999999,-0.6000000000000001,0.2,2018-2019,1.0,0.0
197,Fiorentina,2019-01-20,N,-0.8000000000000003,Sampdoria,7.799999999999999,-0.5999999999999996,-0.2,-0.2,-2.6000000000000014,1.1999999999999993,0.20000000000000018,0.2,2018-2019,0.0,0.0
198,Juventus,2019-01-21,V,0.7999999999999999,Chievo,3.5999999999999996,1.5999999999999996,0.4,0.4,5.600000000000001,-4.799999999999999,-0.7999999999999998,0.0,2018-2019,1.0,0.0
199,Genoa,2019-01-21,P,0.7999999999999999,Milan,-5.199999999999999,0.0,0.2,0.2,-20.799999999999997,3.0,-0.3999999999999999,-0.2,2018-2019,0.0,1.0
200,Sassuolo,2019-01-26,V,0.3999999999999999,Cagliari,4.800000000000001,1.9999999999999996,-0.2,-0.2,1.6000000000000014,0.8000000000000007,0.19999999999999996,-0.2,2018-2019,0.0,0.0
201,Milan,2019-01-26,N,-0.5999999999999999,Napoli,-0.8000000000000007,-1.0,0.0,0.0,4.599999999999994,1.8000000000000007,0.7999999999999998,0.0,2018-2019,0.0,1.0
202,Sampdoria,2019-01-26,V,1.5999999999999999,Udinese,-2.5999999999999996,3.0,0.4,0.2,12.800000000000004,3.8000000000000007,0.5999999999999996,-0.2,2018-2019,0.0,1.0
203,Atalanta,2019-01-27,N,0.7999999999999998,Roma,-1.9999999999999982,-1.0,-0.2,0.0,2.799999999999997,-1.200000000000001,0.0,0.4,2018-2019,0.0,0.0
204,Parma,2019-01-27,P,0.19999999999999996,SPAL,-5.3999999999999995,-2.2,0.2,0.2,-7.799999999999997,-1.200000000000001,0.19999999999999996,0.0,2018-2019,0.0,1.0
205,Bologna,2019-01-27,P,0.39999999999999997,Frosinone,-2.200000000000001,-0.3999999999999999,-0.2,-0.2,-0.6000000000000014,-1.5999999999999996,-0.6000000000000001,-0.2,2018-2019,0.0,0.0
206,Torino,2019-01-27,V,0.5999999999999999,Inter,-2.3999999999999986,0.0,0.0,0.0,-11.200000000000003,6.400000000000002,0.6000000000000001,0.2,2018-2019,0.0,0.0
207,Chievo,2019-01-27,P,-0.9999999999999999,Fiorentina,-8.0,-1.4,0.0,0.0,-9.200000000000003,-0.1999999999999993,-0.40000000000000036,-0.4,2018-2019,0.0,1.0
208,Lazio,2019-01-27,P,-0.40000000000000013,Juventus,2.1999999999999993,0.40000000000000036,-0.4,-0.6,-1.8000000000000043,4.400000000000002,0.7999999999999998,0.2,2018-2019,0.0,1.0
209,Empoli,2019-01-28,P,0.0,Genoa,-6.199999999999999,-2.6000000000000005,0.2,0.2,-6.0,0.8000000000000007,-1.0,0.2,2018-2019,0.0,1.0
210,Empoli,2019-02-02,N,0.0,Chievo,-2.1999999999999993,-0.8000000000000003,0.0,-0.2,-6.0,-3.4000000000000004,-1.0,0.2,2018-2019,0.0,0.0
211,Napoli,2019-02-02,V,-1.5999999999999999,Sampdoria,4.4,0.8000000000000007,-0.8,-0.8,0.20000000000000284,-6.800000000000001,-0.7999999999999998,0.6,2018-2019,0.0,1.0
212,Juventus,2019-02-02,N,1.0,Parma,7.200000000000001,3.4000000000000004,0.0,0.19999999999999996,11.600000000000001,1.0,0.0,0.2,2018-2019,1.0,0.0
213,Genoa,2019-02-03,N,-0.19999999999999996,Sassuolo,0.40000000000000036,-0.7999999999999998,-0.2,-0.2,-4.799999999999997,0.0,1.0,0.0,2018-2019,0.0,1.0
214,Inter,2019-02-03,P,0.0,Bologna,-0.20000000000000107,0.6000000000000001,0.0,0.0,17.6,-0.5999999999999996,-0.6000000000000001,0.0,2018-2019,1.0,0.0
215,Roma,2019-02-03,N,1.4000000000000001,Milan,-2.1999999999999993,1.0,0.4,0.4,-7.600000000000001,2.4000000000000004,-0.20000000000000018,-0.2,2018-2019,0.0,1.0
216,SPAL,2019-02-03,N,-0.6000000000000001,Torino,3.4000000000000004,0.9999999999999996,-0.2,-0.2,3.200000000000003,-6.800000000000001,-0.5999999999999996,-0.2,2018-2019,0.0,1.0
217,Udinese,2019-02-03,N,-0.8,Fiorentina,-1.5999999999999996,-1.2000000000000002,0.0,0.2,-4.199999999999996,-0.7999999999999989,-0.20000000000000018,-0.39999999999999997,2018-2019,0.0,1.0
218,Frosinone,2019-02-04,P,-0.6000000000000001,Lazio,-8.399999999999999,-2.4000000000000004,0.2,0.2,-9.799999999999997,-1.4000000000000004,0.8000000000000003,-0.2,2018-2019,0.0,1.0
219,Cagliari,2019-02-04,P,-2.5999999999999996,Atalanta,-5.800000000000001,-3.2,0.0,-0.39999999999999997,-8.199999999999996,1.4000000000000004,0.0,-0.2,2018-2019,1.0,0.0
220,Lazio,2019-02-07,V,0.19999999999999996,Empoli,6.399999999999999,1.4000000000000004,0.0,0.0,4.799999999999997,4.6,2.0,0.2,2018-2019,1.0,0.0
221,Chievo,2019-02-08,P,-1.2,Roma,-3.8000000000000007,-3.1999999999999997,-0.2,0.0,-1.0,0.8000000000000007,0.3999999999999999,0.0,2018-2019,0.0,0.0
222,Parma,2019-02-09,P,1.2000000000000002,Inter,-3.8000000000000007,-0.6000000000000001,0.4,0.4,-23.199999999999996,-0.8000000000000007,0.19999999999999996,-0.2,2018-2019,1.0,0.0
223,Fiorentina,2019-02-09,N,0.0,Napoli,1.5999999999999979,-2.4000000000000004,-0.2,-0.2,-1.2000000000000028,5.0,1.1999999999999997,0.0,2018-2019,0.0,1.0
224,Atalanta,2019-02-10,V,2.4,SPAL,2.0,3.4,0.0,0.2,6.0,-2.8000000000000007,-1.1999999999999997,0.0,2018-2019,0.0,1.0
225,Bologna,2019-02-10,N,0.0,Genoa,-1.799999999999999,-0.9999999999999996,0.0,0.0,-0.19999999999999574,1.5999999999999996,0.19999999999999973,0.2,2018-2019,0.0,1.0
226,Milan,2019-02-10,V,0.4,Cagliari,5.799999999999999,2.8000000000000003,0.0,0.0,7.399999999999999,-2.5999999999999996,1.2,0.0,2018-2019,0.0,0.0
227,Sassuolo,2019-02-10,P,-1.0,Juventus,-3.9999999999999982,0.40000000000000036,-0.2,-0.39999999999999997,-8.799999999999997,1.6000000000000014,-0.5999999999999999,-0.2,2018-2019,0.0,1.0
228,Sampdoria,2019-02-10,P,1.2,Frosinone,2.200000000000001,-0.20000000000000018,0.8,0.8,10.400000000000006,5.4,0.0,-0.2,2018-2019,1.0,0.0
229,Torino,2019-02-10,V,0.5999999999999999,Udinese,-3.0,0.6000000000000001,0.2,0.0,1.3999999999999986,6.600000000000001,0.0,0.2,2018-2019,0.0,0.0
230,Juventus,2019-02-15,V,1.6,Frosinone,8.200000000000001,3.2,0.4,0.6,18.4,-4.799999999999999,-0.5999999999999996,-0.2,2018-2019,1.0,0.0
231,Atalanta,2019-02-16,P,1.7999999999999998,Milan,1.3999999999999986,0.5999999999999996,0.0,0.2,7.0,-2.5999999999999996,-1.2000000000000002,-0.2,2018-2019,0.0,0.0
232,Cagliari,2019-02-16,V,-0.9999999999999999,Parma,0.7999999999999989,-0.5999999999999996,-0.4,-0.4,13.600000000000001,1.1999999999999993,-0.8,0.2,2018-2019,0.0,1.0
233,SPAL,2019-02-17,P,-0.40000000000000013,Fiorentina,-0.8000000000000007,-0.19999999999999973,0.0,0.0,0.6000000000000014,0.5999999999999996,0.8000000000000003,-0.4,2018-2019,0.0,1.0
234,Napoli,2019-02-17,N,0.6000000000000001,Torino,3.8000000000000007,4.0,0.0,0.0,11.799999999999997,-11.0,-1.4000000000000001,-0.2,2018-2019,1.0,0.0
235,Inter,2019-02-17,V,-1.2000000000000002,Sampdoria,0.0,-0.20000000000000018,-0.8,-0.8,7.200000000000003,-2.3999999999999986,-1.1999999999999997,0.2,2018-2019,1.0,0.0
236,Empoli,2019-02-17,V,-0.19999999999999996,Sassuolo,-2.4000000000000004,-2.0,-0.2,-0.2,0.20000000000000284,-4.0,-1.6,0.0,2018-2019,0.0,1.0
237,Udinese,2019-02-17,V,-0.3999999999999999,Chievo,3.0,-1.0,-0.2,0.0,-3.6000000000000014,1.200000000000001,0.8000000000000003,0.4,2018-2019,1.0,0.0
238,Genoa,2019-02-17,V,0.0,Lazio,-1.799999999999999,0.20000000000000018,-0.2,-0.2,-9.0,-1.0,-1.2000000000000002,-0.4,2018-2019,0.0,1.0
239,Roma,2019-02-18,V,1.4,Bologna,3.3999999999999986,2.6000000000000005,0.2,0.2,2.6000000000000014,-0.7999999999999989,-0.19999999999999973,-0.2,2018-2019,0.0,1.0
240,Milan,2019-02-22,V,0.19999999999999996,Empoli,1.8000000000000007,2.0,0.0,0.0,2.3999999999999986,4.0,1.4,0.0,2018-2019,0.0,0.0
241,Frosinone,2019-02-23,P,-1.4,Roma,-5.200000000000001,-3.6,-0.4,-0.4,-8.0,1.1999999999999993,0.0,0.0,2018-2019,0.0,1.0
242,Torino,2019-02-23,V,-1.5999999999999999,Atalanta,-2.799999999999999,-3.0,0.0,-0.2,-19.4,9.399999999999999,2.2,0.2,2018-2019,0.0,0.0
243,Chievo,2019-02-24,N,-0.3999999999999999,Genoa,0.1999999999999993,-0.7999999999999998,0.2,0.4,8.800000000000004,0.20000000000000107,0.19999999999999973,0.0,2018-2019,0.0,1.0
244,Parma,2019-02-24,P,0.6000000000000001,Napoli,-9.399999999999999,-4.4,0.2,0.2,-20.6,3.5999999999999996,-0.7999999999999998,-0.2,2018-2019,0.0,1.0
245,Fiorentina,2019-02-24,N,1.7999999999999998,Inter,1.5999999999999979,0.20000000000000018,0.2,0.2,-11.200000000000003,1.3999999999999986,1.0,0.2,2018-2019,0.0,1.0
246,Bologna,2019-02-24,P,-1.9999999999999998,Juventus,-2.8000000000000007,-2.1999999999999993,-0.2,-0.4,-9.0,5.200000000000001,0.7999999999999998,0.2,2018-2019,0.0,1.0
247,Sampdoria,2019-02-24,V,0.8,Cagliari,2.799999999999999,1.6,0.6,0.6,5.0,-2.3999999999999986,1.4000000000000001,-0.2,2018-2019,0.0,0.0
248,Sassuolo,2019-02-24,N,-0.3999999999999999,SPAL,-1.5999999999999996,0.9999999999999996,0.2,0.2,-0.19999999999999574,-0.40000000000000036,-0.7999999999999998,0.0,2018-2019,1.0,0.0
249,Cagliari,2019-03-01,V,-0.7999999999999999,Inter,-3.0,-1.7999999999999998,-0.2,-0.2,-9.799999999999997,3.1999999999999993,-1.0,0.0,2018-2019,0.0,1.0
250,Lazio,2019-03-02,V,-1.4,Roma,-0.6000000000000014,-0.8000000000000007,0.0,0.0,1.6000000000000014,0.20000000000000107,0.19999999999999973,0.2,2018-2019,0.0,1.0
251,Empoli,2019-03-02,N,0.0,Parma,0.1999999999999993,0.40000000000000036,-0.2,-0.2,12.600000000000001,-5.199999999999999,-1.0,0.0,2018-2019,0.0,1.0
252,Milan,2019-03-02,V,1.0,Sassuolo,2.0,2.2,-0.2,-0.2,-4.800000000000004,-2.4000000000000004,-1.1999999999999997,-0.2,2018-2019,1.0,0.0
253,SPAL,2019-03-03,P,0.0,Sampdoria,-4.4,-1.4000000000000004,-0.39999999999999997,-0.39999999999999997,-4.799999999999997,4.400000000000002,1.2000000000000002,0.0,2018-2019,0.0,1.0
254,Udinese,2019-03-03,V,0.0,Bologna,-1.0,-0.6000000000000001,0.0,0.4,-5.799999999999997,1.0,0.8000000000000003,0.0,2018-2019,0.0,1.0
255,Napoli,2019-03-03,P,-1.0,Juventus,3.6000000000000014,1.1999999999999993,0.0,0.0,3.8000000000000043,-1.0,0.0,0.2,2018-2019,0.0,1.0
256,Genoa,2019-03-03,N,0.0,Frosinone,3.5999999999999996,1.7999999999999998,0.0,0.0,-0.19999999999999574,-2.3999999999999986,-0.3999999999999999,0.0,2018-2019,1.0,0.0
257,Torino,2019-03-03,V,-0.19999999999999996,Chievo,-1.1999999999999993,-1.2000000000000002,-0.2,-0.4,-9.400000000000006,2.799999999999997,0.3999999999999999,0.2,2018-2019,1.0,0.0
258,Atalanta,2019-03-03,V,-1.0,Fiorentina,-2.0,0.5999999999999996,-0.4,-0.2,12.799999999999997,-2.4000000000000004,-1.4,-0.2,2018-2019,0.0,1.0
259,Juventus,2019-03-08,V,1.5999999999999999,Udinese,3.1999999999999993,3.1999999999999997,-0.2,-0.6,13.200000000000003,-4.200000000000001,-1.2000000000000002,0.0,2018-2019,1.0,0.0
260,Chievo,2019-03-09,P,-1.8000000000000003,Milan,2.4000000000000004,-0.7999999999999998,0.0,0.0,-1.2000000000000028,3.1999999999999993,0.6000000000000001,0.0,2018-2019,0.0,1.0
261,Parma,2019-03-09,V,0.5999999999999999,Genoa,-4.6,-0.3999999999999999,0.0,0.0,-10.200000000000003,-1.0,-0.20000000000000018,0.0,2018-2019,1.0,0.0
262,Fiorentina,2019-03-10,N,0.40000000000000013,Lazio,3.3999999999999986,0.0,0.0,0.0,-1.7999999999999972,0.20000000000000107,-0.19999999999999973,0.0,2018-2019,0.0,1.0
263,Frosinone,2019-03-10,P,-0.6,Torino,-4.199999999999999,-2.5999999999999996,0.0,0.0,-7.399999999999999,-0.3999999999999986,0.0,0.0,2018-2019,0.0,1.0
264,Bologna,2019-03-10,V,0.0,Cagliari,3.1999999999999993,1.4,0.0,-0.2,8.199999999999996,0.5999999999999979,0.3999999999999999,-0.2,2018-2019,0.0,1.0
265,Inter,2019-03-10,V,0.5999999999999999,SPAL,6.4,2.4000000000000004,0.0,0.0,7.200000000000003,-3.6000000000000014,-0.19999999999999973,-0.2,2018-2019,1.0,0.0
266,Sampdoria,2019-03-10,P,-0.5999999999999999,Atalanta,1.5999999999999996,-0.8000000000000007,0.2,0.2,-6.0,-2.0,0.40000000000000013,0.0,2018-2019,1.0,0.0
267,Sassuolo,2019-03-10,N,-1.2000000000000002,Napoli,-8.8,-3.2,-0.2,-0.4,-4.799999999999997,2.4000000000000004,0.0,0.2,2018-2019,0.0,1.0
268,Roma,2019-03-11,V,0.19999999999999996,Empoli,4.6,1.2000000000000002,0.0,0.0,2.3999999999999986,3.799999999999999,1.9999999999999998,0.2,2018-2019,1.0,0.0
269,Cagliari,2019-03-15,V,-1.0,Fiorentina,-4.0,-0.20000000000000018,-0.4,-0.2,1.7999999999999972,4.199999999999999,0.6000000000000001,0.2,2018-2019,0.0,0.0
270,Torino,2019-03-16,P,0.6000000000000001,Bologna,-2.400000000000002,0.8000000000000007,-0.2,-0.2,-6.200000000000003,1.0,-0.20000000000000018,0.0,2018-2019,0.0,0.0
271,Sassuolo,2019-03-16,P,-0.6,Sampdoria,-5.199999999999999,-3.2,-0.4,-0.4,-3.200000000000003,2.6000000000000014,0.6000000000000001,0.4,2018-2019,0.0,0.0
272,SPAL,2019-03-16,V,-1.2,Roma,-5.199999999999999,-2.2,0.0,0.0,-6.0,3.200000000000001,0.0,-0.2,2018-2019,1.0,0.0
273,Lazio,2019-03-17,V,0.3999999999999999,Parma,2.1999999999999993,1.0,0.4,0.4,11.800000000000004,-1.1999999999999993,0.6000000000000001,0.0,2018-2019,1.0,0.0
274,Empoli,2019-03-17,V,0.5999999999999999,Frosinone,0.20000000000000107,0.20000000000000018,0.2,0.2,8.399999999999999,-8.8,-1.6,-0.2,2018-2019,0.0,0.0
275,Genoa,2019-03-17,V,-2.0,Juventus,3.4000000000000004,-1.6,-0.2,-0.2,-1.0,4.0,0.0,-0.2,2018-2019,0.0,0.0
276,Atalanta,2019-03-17,N,1.4000000000000001,Chievo,1.5999999999999996,0.7999999999999998,0.0,0.0,11.399999999999999,-6.600000000000001,-0.9999999999999998,0.0,2018-2019,1.0,0.0
277,Milan,2019-03-17,P,0.5999999999999999,Inter,-3.8000000000000007,0.7999999999999998,-0.2,-0.2,-3.8000000000000043,2.0,-1.6,0.0,2018-2019,0.0,1.0
278,Napoli,2019-03-17,V,0.19999999999999996,Udinese,6.6,2.8000000000000003,-0.2,-0.39999999999999997,23.200000000000003,-3.1999999999999993,-0.3999999999999999,0.0,2018-2019,1.0,0.0
279,Chievo,2019-03-29,P,-0.7999999999999999,Cagliari,-0.40000000000000036,0.3999999999999999,0.0,-0.2,-5.199999999999996,4.800000000000001,0.3999999999999999,-0.2,2018-2019,0.0,1.0
280,Sampdoria,2019-03-30,V,-0.20000000000000018,Milan,4.4,1.3999999999999995,0.4,0.4,0.3999999999999986,-4.599999999999998,-0.6000000000000001,0.0,2018-2019,0.0,1.0
281,Juventus,2019-03-30,V,0.19999999999999996,Empoli,0.5999999999999996,1.0,-0.2,-0.2,7.200000000000003,0.5999999999999996,0.7999999999999998,0.2,2018-2019,1.0,0.0
282,Udinese,2019-03-30,V,0.3999999999999999,Genoa,-4.799999999999999,-0.6000000000000001,0.2,0.6,-13.800000000000004,-1.5999999999999996,0.7999999999999998,0.2,2018-2019,0.0,0.0
283,Inter,2019-03-31,P,0.20000000000000018,Lazio,2.1999999999999993,-0.39999999999999947,-0.19999999999999996,-0.19999999999999996,1.6000000000000014,1.0,1.6,0.0,2018-2019,1.0,0.0
284,Bologna,2019-03-31,V,0.3999999999999999,Sassuolo,4.0,2.1999999999999997,0.4,0.4,0.20000000000000284,4.800000000000001,0.5999999999999996,-0.2,2018-2019,0.0,0.0
285,Parma,2019-03-31,P,-0.19999999999999996,Atalanta,-6.8,-2.2,0.0,0.0,-21.0,-0.20000000000000107,0.19999999999999996,0.0,2018-2019,0.0,1.0
286,Roma,2019-03-31,P,-0.3999999999999999,Napoli,-3.3999999999999986,-2.1999999999999997,0.4,0.2,-10.200000000000003,4.199999999999999,1.0,0.2,2018-2019,0.0,0.0
287,Frosinone,2019-03-31,P,-0.19999999999999996,SPAL,2.4000000000000004,0.5999999999999996,-0.4,-0.4,-6.200000000000003,3.1999999999999993,-0.6000000000000001,0.0,2018-2019,1.0,0.0
288,Fiorentina,2019-03-31,N,0.19999999999999996,Torino,-1.1999999999999993,-2.8000000000000003,0.4,0.4,-0.20000000000000284,-3.599999999999998,-0.19999999999999973,-0.2,2018-2019,0.0,0.0
289,Milan,2019-04-02,N,0.0,Udinese,0.20000000000000107,0.9999999999999996,-0.2,-0.4,18.0,2.8000000000000007,-0.3999999999999999,0.0,2018-2019,1.0,0.0
290,Cagliari,2019-04-02,P,-0.20000000000000018,Juventus,0.1999999999999993,0.19999999999999973,-0.2,0.0,-3.3999999999999986,4.399999999999999,1.4,-0.2,2018-2019,0.0,1.0
291,Genoa,2019-04-03,P,-1.4,Inter,1.200000000000001,-0.8000000000000003,-0.4,-0.4,-0.4000000000000057,2.8000000000000007,-0.20000000000000018,0.0,2018-2019,0.0,1.0
292,Empoli,2019-04-03,V,-1.5999999999999999,Napoli,-6.199999999999999,-3.1999999999999997,0.4,0.2,-12.199999999999996,4.6,-0.40000000000000013,-0.2,2018-2019,0.0,1.0
293,SPAL,2019-04-03,V,-1.0,Lazio,-3.0,-3.0,0.0,0.0,1.2000000000000028,2.4000000000000004,1.6,0.2,2018-2019,0.0,1.0
294,Frosinone,2019-04-03,V,-0.3999999999999999,Parma,5.199999999999999,0.3999999999999999,0.0,0.0,8.399999999999999,5.200000000000001,0.3999999999999999,0.2,2018-2019,0.0,0.0
295,Roma,2019-04-03,N,0.0,Fiorentina,0.40000000000000036,0.20000000000000018,0.2,0.2,4.199999999999996,0.5999999999999996,1.8,0.4,2018-2019,0.0,0.0
296,Torino,2019-04-03,V,0.0,Sampdoria,-1.1999999999999993,-1.0,-0.4,-0.4,0.6000000000000014,3.1999999999999993,0.8,0.2,2018-2019,1.0,0.0
297,Sassuolo,2019-04-04,V,0.7999999999999999,Chievo,1.8000000000000007,-0.8000000000000003,0.0,0.0,8.399999999999999,-8.2,-2.0,0.2,2018-2019,1.0,0.0
298,Atalanta,2019-04-04,V,0.19999999999999996,Bologna,2.0,1.2000000000000002,-0.6,-0.6,12.200000000000003,-4.200000000000001,-0.40000000000000013,-0.2,2018-2019,1.0,0.0
299,Sampdoria,2019-04-06,P,0.8,Roma,-0.20000000000000107,3.2,-0.2,-0.2,0.3999999999999986,-1.0,-1.5999999999999996,-0.4,2018-2019,0.0,1.0
300,Juventus,2019-04-06,V,0.6000000000000001,Milan,0.0,-0.6000000000000001,0.2,0.2,-3.6000000000000014,-3.1999999999999993,-0.3999999999999999,0.2,2018-2019,1.0,0.0
301,Parma,2019-04-06,N,-0.3999999999999999,Torino,-6.200000000000001,-1.2000000000000002,0.2,0.2,-14.599999999999994,-1.0,-0.3999999999999999,-0.2,2018-2019,1.0,0.0
302,Lazio,2019-04-07,N,0.0,Sassuolo,-1.5999999999999996,0.7999999999999998,0.4,0.4,-1.6000000000000014,1.4000000000000004,0.3999999999999999,-0.2,2018-2019,0.0,0.0
303,Udinese,2019-04-07,V,0.0,Empoli,-1.5999999999999996,-1.0,-0.2,-0.2,-12.0,-0.40000000000000036,0.3999999999999999,0.0,2018-2019,0.0,1.0
304,Fiorentina,2019-04-07,P,0.19999999999999996,Frosinone,-2.0,0.20000000000000018,-0.2,-0.2,-2.1999999999999957,-3.0000000000000018,-0.3999999999999999,-0.2,2018-2019,0.0,0.0
305,Cagliari,2019-04-07,V,0.3999999999999999,SPAL,0.8000000000000007,0.8000000000000003,-0.4,-0.2,2.200000000000003,4.599999999999998,0.3999999999999999,-0.2,2018-2019,0.0,0.0
306,Napoli,2019-04-07,N,1.8000000000000003,Genoa,0.20000000000000107,1.9999999999999996,0.0,0.2,11.799999999999997,-5.799999999999999,-0.20000000000000018,0.0,2018-2019,1.0,0.0
307,Inter,2019-04-07,N,-0.6000000000000001,Atalanta,-2.0000000000000018,-1.7999999999999998,0.4,0.4,-0.20000000000000284,1.1999999999999993,0.0,0.0,2018-2019,0.0,1.0
308,Bologna,2019-04-08,V,1.4,Chievo,3.4000000000000004,1.8000000000000003,0.6,0.39999999999999997,10.600000000000001,-2.8000000000000007,-1.6,0.0,2018-2019,0.0,0.0
309,SPAL,2019-04-13,V,-0.8,Juventus,-5.200000000000001,-1.5999999999999996,0.19999999999999996,0.19999999999999996,-9.0,-1.8000000000000007,2.0,0.0,2018-2019,0.0,1.0
310,Roma,2019-04-13,V,-0.40000000000000013,Udinese,3.5999999999999996,0.40000000000000036,0.2,0.2,8.200000000000003,3.799999999999999,1.4,0.0,2018-2019,0.0,1.0
311,Milan,2019-04-13,V,-0.40000000000000013,Lazio,-1.8000000000000007,-1.1999999999999993,-0.4,-0.4,5.200000000000003,0.40000000000000036,0.6000000000000001,0.0,2018-2019,0.0,0.0
312,Chievo,2019-04-14,P,-1.8000000000000003,Napoli,-6.800000000000001,-3.4000000000000004,0.0,0.2,-25.799999999999997,9.999999999999998,2.8,0.4,2018-2019,0.0,0.0
313,Sampdoria,2019-04-14,V,1.0,Genoa,0.8000000000000007,1.4,0.2,0.2,11.599999999999994,0.1999999999999993,0.19999999999999996,-0.4,2018-2019,0.0,0.0
314,Sassuolo,2019-04-14,N,1.2000000000000002,Parma,4.3999999999999995,1.1999999999999997,-0.2,-0.2,8.799999999999997,-2.1999999999999993,-0.8,0.0,2018-2019,0.0,1.0
315,Torino,2019-04-14,N,0.0,Cagliari,3.8000000000000007,0.39999999999999947,0.0,0.0,3.8000000000000043,-3.0,0.20000000000000018,0.2,2018-2019,0.0,0.0
316,Frosinone,2019-04-14,P,-0.6000000000000001,Inter,2.4000000000000004,-0.5999999999999996,-0.2,-0.2,-8.799999999999997,4.4,1.1999999999999997,0.0,2018-2019,0.0,1.0
317,Fiorentina,2019-04-14,N,-1.2000000000000002,Bologna,1.8000000000000007,-2.6000000000000005,-1.0,-1.0,1.7999999999999972,-0.8000000000000007,0.0,-0.2,2018-2019,0.0,0.0
318,Atalanta,2019-04-15,N,0.6000000000000001,Empoli,4.800000000000001,1.4,-0.2,-0.2,7.399999999999999,-1.5999999999999996,-0.6000000000000001,0.0,2018-2019,0.0,1.0
319,Lazio,2019-04-17,V,-0.20000000000000018,Udinese,3.4000000000000004,2.4000000000000004,0.2,0.2,11.600000000000001,3.4000000000000004,-0.19999999999999996,-0.2,2018-2019,1.0,0.0
320,Cagliari,2019-04-20,V,0.40000000000000013,Frosinone,-4.199999999999999,0.40000000000000036,-0.2,-0.2,4.199999999999996,0.3999999999999986,0.6000000000000001,0.4,2018-2019,0.0,0.0
321,Udinese,2019-04-20,N,-0.8,Sassuolo,-1.799999999999999,-1.9999999999999996,0.2,0.4,-11.800000000000004,1.5999999999999996,0.0,0.2,2018-2019,0.0,0.0
322,Bologna,2019-04-20,V,0.0,Sampdoria,-4.800000000000001,0.20000000000000018,0.6000000000000001,0.6000000000000001,-6.0,0.8000000000000007,0.3999999999999999,0.2,2018-2019,0.0,1.0
323,Inter,2019-04-20,N,0.8,Roma,-0.7999999999999989,1.6,0.19999999999999996,0.19999999999999996,15.399999999999999,-1.5999999999999996,-2.0,0.0,2018-2019,0.0,0.0
324,Juventus,2019-04-20,V,0.3999999999999999,Fiorentina,-3.3999999999999986,-1.4,0.2,0.2,-0.3999999999999986,-1.0,0.0,0.0,2018-2019,1.0,0.0
325,Empoli,2019-04-20,P,-0.19999999999999996,SPAL,0.8000000000000007,0.7999999999999998,-0.39999999999999997,-0.39999999999999997,5.200000000000003,2.5999999999999996,-0.7999999999999998,0.0,2018-2019,0.0,0.0
326,Genoa,2019-04-20,P,-0.6,Torino,-1.799999999999999,-1.6,0.0,0.0,-13.600000000000001,0.5999999999999996,-0.6000000000000001,0.19999999999999996,2018-2019,0.0,1.0
327,Parma,2019-04-20,N,-0.19999999999999996,Milan,-6.800000000000001,-2.2,0.0,0.2,-18.0,-0.20000000000000107,0.3999999999999999,0.0,2018-2019,0.0,1.0
328,Lazio,2019-04-20,P,0.6,Chievo,5.199999999999999,1.4,0.2,0.0,14.799999999999997,-1.8000000000000007,-1.7999999999999998,-0.4,2018-2019,0.0,0.0
329,Napoli,2019-04-22,P,1.0,Atalanta,-5.0,-0.6000000000000005,0.0,0.0,7.0,-2.0,0.0,0.0,2018-2019,1.0,0.0
330,Inter,2019-04-27,N,0.0,Juventus,2.1999999999999993,1.0,0.2,0.2,14.400000000000006,-4.599999999999998,-0.3999999999999999,0.0,2018-2019,0.0,1.0
331,Roma,2019-04-27,V,-0.19999999999999996,Cagliari,2.200000000000001,-0.20000000000000018,0.0,0.0,-10.0,-3.3999999999999986,-0.7999999999999998,-0.6,2018-2019,0.0,0.0
332,Bologna,2019-04-27,V,0.6000000000000001,Empoli,-0.7999999999999989,1.6,0.6,0.6,-3.0,1.5999999999999996,-0.19999999999999973,0.0,2018-2019,0.0,1.0
333,Torino,2019-04-28,V,0.19999999999999996,Milan,-1.5999999999999996,0.20000000000000018,-0.2,-0.2,-3.0,1.6000000000000014,1.6,0.2,2018-2019,0.0,0.0
334,Sampdoria,2019-04-28,P,-0.19999999999999996,Lazio,-4.4,-1.4,0.0,0.0,0.8000000000000043,-1.0,0.3999999999999999,-0.4,2018-2019,0.0,0.0
335,SPAL,2019-04-28,N,1.6,Genoa,-2.1999999999999993,-0.3999999999999999,0.6,0.6,2.200000000000003,-4.000000000000002,0.6000000000000001,-0.6,2018-2019,0.0,0.0
336,Chievo,2019-04-28,N,-0.20000000000000007,Parma,0.8000000000000007,2.5999999999999996,-0.2,-0.2,4.800000000000004,1.8000000000000007,1.1999999999999997,0.4,2018-2019,0.0,0.0
337,Frosinone,2019-04-28,P,-1.0,Napoli,-1.6000000000000014,-3.4,0.2,0.2,-16.400000000000006,6.799999999999999,0.9999999999999998,0.0,2018-2019,0.0,1.0
338,Atalanta,2019-04-29,V,0.8,Udinese,8.600000000000001,5.6,-0.2,-0.4,12.600000000000001,-4.0,-0.40000000000000013,-0.2,2018-2019,1.0,0.0
339,Fiorentina,2019-04-29,P,-0.8,Sassuolo,4.0,1.0,0.0,0.0,-5.399999999999999,2.0,-0.3999999999999999,0.0,2018-2019,0.0,0.0
340,Juventus,2019-05-03,N,0.40000000000000013,Torino,-0.1999999999999993,-0.40000000000000036,0.0,0.0,3.799999999999997,-2.6000000000000014,-1.4000000000000001,-0.2,2018-2019,1.0,0.0
341,Chievo,2019-05-04,P,-1.0,SPAL,-2.1999999999999993,0.5999999999999996,-0.6,-0.39999999999999997,-3.3999999999999986,6.199999999999999,-0.6000000000000001,0.2,2018-2019,0.0,0.0
342,Udinese,2019-05-04,N,-1.0,Inter,-2.5999999999999996,-3.2,-0.2,0.0,-23.200000000000003,2.3999999999999986,1.2000000000000002,0.2,2018-2019,0.0,1.0
343,Napoli,2019-05-05,V,0.8,Cagliari,5.0,2.8,-0.2,-0.2,10.399999999999999,-4.400000000000002,-1.6,-0.6,2018-2019,1.0,0.0
344,Sassuolo,2019-05-05,N,0.6000000000000001,Frosinone,-2.0,0.7999999999999998,-0.2,-0.2,14.399999999999999,-8.2,-1.1999999999999997,0.0,2018-2019,1.0,0.0
345,Empoli,2019-05-05,V,0.7999999999999999,Fiorentina,-2.4000000000000004,0.20000000000000018,0.0,-0.2,-1.3999999999999986,-3.0000000000000018,0.5999999999999996,0.0,2018-2019,0.0,1.0
346,Lazio,2019-05-05,P,-0.20000000000000018,Atalanta,-2.400000000000002,-2.8000000000000007,0.0,0.0,-2.3999999999999986,3.5999999999999996,0.6000000000000001,0.4,2018-2019,0.0,1.0
347,Genoa,2019-05-05,N,-1.2000000000000002,Roma,-3.1999999999999993,-2.4000000000000004,0.0,0.0,-6.200000000000003,2.799999999999999,0.7999999999999998,0.6,2018-2019,0.0,1.0
348,Parma,2019-05-05,N,0.0,Sampdoria,-5.0,-1.2,0.0,0.2,-19.6,3.200000000000001,-0.6000000000000001,-0.2,2018-2019,0.0,1.0
349,Milan,2019-05-06,V,-1.2,Bologna,2.8000000000000007,-1.6,-0.2,-0.2,6.399999999999999,2.799999999999999,-0.3999999999999999,0.2,2018-2019,0.0,0.0
350,Atalanta,2019-05-11,V,0.7999999999999999,Genoa,5.400000000000002,4.0,0.2,0.0,12.200000000000003,-5.0,-1.2000000000000002,-0.4,2018-2019,0.0,1.0
351,Fiorentina,2019-05-11,P,-0.8,Milan,1.0,1.6,-0.2,0.0,-3.0,0.3999999999999986,-0.7999999999999998,-0.2,2018-2019,1.0,0.0
352,Cagliari,2019-05-11,P,-0.19999999999999996,Lazio,-4.0,-0.20000000000000018,0.2,0.2,0.0,1.0,1.0,0.4,2018-2019,0.0,1.0
353,Roma,2019-05-12,V,0.0,Juventus,2.0,1.8000000000000003,-0.2,-0.2,-8.799999999999997,-3.8000000000000007,-0.19999999999999996,0.0,2018-2019,0.0,1.0
354,SPAL,2019-05-12,P,0.5999999999999999,Napoli,-6.4,-3.0,0.2,0.2,-16.0,0.1999999999999993,1.6,0.0,2018-2019,0.0,1.0
355,Sampdoria,2019-05-12,P,0.0,Empoli,4.200000000000001,0.3999999999999999,0.4,0.4,9.0,-1.200000000000001,0.0,0.4,2018-2019,1.0,0.0
356,Torino,2019-05-12,V,-0.19999999999999996,Sassuolo,-1.1999999999999993,0.3999999999999999,0.2,0.2,-9.200000000000003,6.0,1.4000000000000001,0.2,2018-2019,0.0,0.0
357,Frosinone,2019-05-12,P,0.6000000000000001,Udinese,0.1999999999999993,1.4000000000000001,0.0,-0.2,-4.200000000000003,3.6000000000000014,0.9999999999999998,0.0,2018-2019,0.0,0.0
358,Inter,2019-05-13,V,0.19999999999999996,Chievo,7.4,1.1999999999999997,0.2,0.2,21.800000000000004,-6.200000000000001,-2.0,-0.2,2018-2019,0.0,0.0
359,Bologna,2019-05-13,V,1.0,Parma,6.199999999999999,3.8,0.2,0.0,11.200000000000003,-0.1999999999999993,0.20000000000000018,0.2,2018-2019,0.0,0.0
360,Sassuolo,2019-05-18,N,-0.40000000000000013,Roma,-0.7999999999999989,-1.8000000000000003,0.0,0.0,12.600000000000001,2.0,0.3999999999999999,0.2,2018-2019,0.0,1.0
361,Genoa,2019-05-18,N,-0.20000000000000007,Cagliari,3.0,-0.3999999999999999,-0.2,0.0,-6.799999999999997,5.399999999999999,0.40000000000000036,-0.6000000000000001,2018-2019,0.0,1.0
362,Udinese,2019-05-18,V,-1.5999999999999999,SPAL,-1.4000000000000004,-1.7999999999999998,-0.4,-0.2,-6.0,3.5999999999999996,-1.2,0.0,2018-2019,0.0,0.0
363,Parma,2019-05-19,V,1.0,Fiorentina,-7.3999999999999995,-3.2,0.2,0.2,-10.399999999999999,-1.5999999999999979,0.8,0.2,2018-2019,1.0,0.0
364,Juventus,2019-05-19,N,-0.8,Atalanta,-8.0,-4.6,-0.2,-0.2,0.3999999999999986,2.0,0.6000000000000001,0.0,2018-2019,0.0,0.0
365,Milan,2019-05-19,V,0.19999999999999996,Frosinone,1.6000000000000014,0.0,0.2,0.2,15.0,-5.200000000000001,-0.19999999999999973,0.4,2018-2019,0.0,0.0
366,Napoli,2019-05-19,V,0.6000000000000001,Inter,0.0,0.7999999999999998,0.0,0.0,-6.0,2.8000000000000007,-0.20000000000000018,0.0,2018-2019,0.0,1.0
367,Empoli,2019-05-19,V,-0.40000000000000013,Torino,-4.4,-1.3999999999999995,-0.2,-0.2,-1.1999999999999957,-3.0,0.0,-0.2,2018-2019,0.0,1.0
368,Chievo,2019-05-19,N,-0.5999999999999999,Sampdoria,-5.199999999999999,-1.2000000000000002,-0.6,-0.6,-17.799999999999997,5.800000000000001,-0.6000000000000001,-0.2,2018-2019,0.0,1.0
369,Lazio,2019-05-20,N,-0.6000000000000001,Bologna,1.1999999999999993,-1.0,0.0,0.0,3.200000000000003,-2.799999999999999,0.0,0.0,2018-2019,1.0,0.0
370,Frosinone,2019-05-25,N,0.0,Chievo,4.199999999999999,0.6000000000000001,0.0,0.2,-1.3999999999999986,0.6000000000000014,-1.2,-0.4,2018-2019,0.0,1.0
371,Bologna,2019-05-25,V,0.5999999999999996,Napoli,-1.3999999999999986,-0.39999999999999947,-0.2,-0.2,-5.399999999999999,1.5999999999999996,0.20000000000000018,0.4,2018-2019,0.0,1.0
372,Atalanta,2019-05-26,V,0.8,Sassuolo,0.6000000000000014,2.8,0.2,0.2,-2.6000000000000014,-0.5999999999999996,-1.0000000000000002,-0.2,2018-2019,1.0,0.0
373,Cagliari,2019-05-26,P,-0.5999999999999999,Udinese,-0.7999999999999989,0.0,0.2,0.2,9.799999999999997,-2.8000000000000007,-0.6000000000000001,0.4,2018-2019,0.0,1.0
374,Fiorentina,2019-05-26,N,-0.6000000000000001,Genoa,-2.599999999999998,0.20000000000000018,-0.2,-0.2,3.799999999999997,-0.1999999999999993,-1.0,0.0,2018-2019,0.0,0.0
375,Torino,2019-05-26,V,-0.19999999999999996,Lazio,-1.8000000000000007,-0.40000000000000036,0.2,0.4,0.0,5.800000000000001,-0.3999999999999999,-0.4,2018-2019,0.0,0.0
376,Roma,2019-05-26,V,0.0,Parma,7.0,3.0,-0.2,-0.2,2.799999999999997,-3.0,0.19999999999999973,-0.4,2018-2019,1.0,0.0
377,SPAL,2019-05-26,P,1.2,Milan,-0.40000000000000036,1.0,0.4,0.4,-4.600000000000001,-0.40000000000000036,0.5999999999999996,-0.4,2018-2019,0.0,1.0
378,Sampdoria,2019-05-26,V,0.0,Juventus,0.7999999999999989,0.7999999999999998,0.4,0.4,3.799999999999997,-3.3999999999999986,0.6000000000000001,0.2,2018-2019,0.0,1.0
379,Inter,2019-05-26,V,-1.0,Empoli,8.200000000000001,0.7999999999999998,0.2,0.0,17.599999999999994,-5.6,-0.3999999999999999,0.0,2018-2019,1.0,0.0