,home,date,result,goals,away,total_shots,shots_on_target,goals_on_penalty,total_penalties,completed_passings,total_passings,corners,percentage_possession,fouls,yellow_cards,red_cards,rank_h,rank_a
0,Inter,2021-08-21,V,4.0,Genoa,7.0,4.0,0.0,0.0,198.0,200.0,6.0,18.0,11.0,-1.0,0.0,7.0,1.0
1,Torino,2021-08-21,P,-1.0,Atalanta,14.0,5.0,0.0,0.0,-24.0,-49.0,4.0,-6.0,3.0,0.0,0.0,2.0,3.0
2,Empoli,2021-08-21,P,-2.0,Lazio,10.0,1.0,-1.0,-1.0,-107.0,-93.0,2.0,-8.0,5.0,1.0,0.0,0.0,8.0
3,Hellas Verona,2021-08-21,P,-1.0,Sassuolo,-4.0,-4.0,1.0,1.0,-199.0,-179.0,3.0,-20.0,-5.0,1.0,1.0,1.0,6.0
4,Bologna,2021-08-22,V,1.0,Salernitana,9.0,4.0,-1.0,-1.0,355.0,355.0,5.0,44.0,-3.0,3.0,1.0,8.0,0.0
5,Udinese,2021-08-22,N,0.0,Juventus,1.0,2.0,1.0,1.0,-117.0,-118.0,0.0,-12.0,-2.0,-2.0,0.0,1.0,7.0
6,Napoli,2021-08-22,V,2.0,Venezia,3.0,-1.0,1.0,2.0,125.0,132.0,0.0,12.0,-19.0,-6.0,1.0,8.0,0.0
7,Roma,2021-08-22,V,2.0,Fiorentina,0.0,-2.0,0.0,0.0,-164.0,-157.0,0.0,-16.0,-1.0,1.0,0.0,5.0,1.0
8,Sampdoria,2021-08-23,P,-1.0,Milan,5.0,-1.0,0.0,0.0,-15.0,-10.0,5.0,-2.0,5.0,2.0,0.0,2.0,4.0
9,Cagliari,2021-08-23,N,0.0,Spezia,7.0,2.0,1.0,1.0,134.0,163.0,7.0,18.0,-1.0,-1.0,0.0,6.0,1.0
10,Udinese,2021-08-27,V,2.0,Venezia,3.0,1.0,1.0,1.0,-32.0,-21.0,1.0,0.0,-9.0,-6.0,0.0,8.0,0.0
11,Hellas Verona,2021-08-27,P,-2.0,Inter,-3.0,-5.0,1.0,1.0,-281.0,-269.0,-1.0,-19.0,-8.0,2.0,1.0,0.0,7.0
12,Fiorentina,2021-08-28,V,0.0,Torino,-10.0,1.0,0.0,0.0,194.0,151.0,-1.0,11.0,-3.0,0.0,1.0,4.0,1.0
13,Lazio,2021-08-28,V,1.0,Spezia,-5.0,-1.0,1.0,1.0,242.0,233.0,-1.0,13.0,-8.0,-2.0,0.0,8.0,0.0
14,Atalanta,2021-08-28,N,-1.0,Bologna,-11.0,-5.0,0.0,0.0,-157.0,-126.0,-8.0,-19.0,3.0,-4.0,-2.0,6.0,1.0
15,Juventus,2021-08-28,P,1.0,Empoli,-7.0,-1.0,0.0,0.0,70.0,55.0,-2.0,10.0,1.0,1.0,0.0,8.0,0.0
16,Salernitana,2021-08-29,P,-1.0,Roma,-2.0,-3.0,1.0,1.0,-204.0,-174.0,0.0,-14.0,1.0,0.0,0.0,0.0,8.0
17,Milan,2021-08-29,V,-1.0,Cagliari,-8.0,-2.0,-1.0,-1.0,-60.0,-77.0,-8.0,-8.0,-2.0,-1.0,0.0,6.0,0.0
18,Sassuolo,2021-08-29,N,3.0,Sampdoria,2.0,4.0,0.0,0.0,147.0,108.0,-4.0,11.0,-5.0,-1.0,0.0,5.0,1.0
19,Genoa,2021-08-29,P,-2.0,Napoli,-1.0,1.0,-1.0,-2.0,-155.0,-156.0,0.0,-15.0,3.0,1.0,-1.0,1.0,5.0
20,Empoli,2021-09-11,P,1.0,Venezia,5.0,0.0,0.0,0.0,-83.0,-58.5,5.0,-3.5,-4.5,-2.5,0.0,2.0,0.0
21,Napoli,2021-09-11,V,1.0,Juventus,-2.5,1.5,0.5,1.0,97.5,98.0,-2.0,3.5,-4.5,-0.5,0.5,3.0,5.0
22,Atalanta,2021-09-11,P,-0.5,Fiorentina,4.5,-4.5,0.0,0.0,-24.5,18.0,-0.5,-2.5,-1.0,-1.0,-0.5,4.0,1.0
23,Milan,2021-09-12,V,-2.0,Lazio,2.0,-2.0,0.0,-0.5,-163.5,-151.0,2.0,-3.5,3.5,0.5,0.0,4.0,3.0
24,Roma,2021-09-12,V,2.0,Sassuolo,1.0,1.5,0.0,0.0,-6.0,-4.0,1.0,-2.0,0.0,0.5,0.5,3.0,1.0
25,Spezia,2021-09-12,P,-1.0,Udinese,-7.5,-4.5,-0.5,-0.5,-40.5,-43.0,-2.0,-4.5,0.5,1.0,0.5,1.0,7.0
26,Cagliari,2021-09-12,P,1.0,Genoa,5.0,0.5,0.5,0.5,46.5,56.0,4.0,11.0,1.0,1.5,0.0,2.0,5.0
27,Sampdoria,2021-09-12,N,-3.5,Inter,-3.0,-5.5,0.0,0.0,-178.0,-159.5,1.0,-15.0,4.0,1.0,0.0,1.0,7.0
28,Torino,2021-09-12,V,0.0,Salernitana,6.0,2.5,-0.5,-0.5,148.0,143.0,1.5,18.5,9.5,1.0,-0.5,8.0,0.0
29,Bologna,2021-09-13,V,0.0,Hellas Verona,0.0,2.0,-0.5,-0.5,110.0,140.5,0.5,15.0,2.0,3.0,0.5,5.0,0.0
30,Sassuolo,2021-09-17,P,-0.6666666666666667,Torino,3.333333333333334,2.0,0.0,0.0,151.66666666666669,131.00000000000006,1.0,8.666666666666664,-7.666666666666666,-0.6666666666666667,0.0,1.0,4.0
31,Salernitana,2021-09-18,P,-0.33333333333333337,Atalanta,-6.333333333333333,-1.3333333333333333,0.0,0.0,-256.0,-265.33333333333337,-2.333333333333333,-25.333333333333332,0.0,-0.33333333333333304,0.3333333333333333,0.0,8.0
32,Inter,2021-09-18,V,1.6666666666666667,Bologna,1.0,2.333333333333333,0.0,0.0,76.66666666666669,56.33333333333337,-1.333333333333334,2.6666666666666643,0.0,-1.6666666666666665,-0.6666666666666666,5.0,2.0
33,Genoa,2021-09-18,P,-0.3333333333333335,Fiorentina,0.6666666666666661,-1.3333333333333335,-0.6666666666666666,-0.6666666666666666,-55.0,-57.666666666666686,0.6666666666666665,-11.666666666666664,-1.9999999999999982,-1.0,-0.3333333333333333,1.0,1.0
34,Hellas Verona,2021-09-19,V,-2.0,Roma,-10.0,-5.666666666666667,0.3333333333333333,0.3333333333333333,-152.0,-143.66666666666669,-1.0,-9.333333333333336,5.333333333333332,0.33333333333333304,0.0,1.0,7.0
35,Juventus,2021-09-19,N,-1.3333333333333335,Milan,-3.666666666666666,0.3333333333333335,-0.3333333333333333,-0.6666666666666666,-46.333333333333314,-55.0,-1.333333333333333,-4.0,1.666666666666666,1.0,0.0,6.0,2.0
36,Venezia,2021-09-19,P,-0.33333333333333337,Spezia,-2.666666666666668,-0.33333333333333304,0.0,0.0,-5.333333333333314,-15.333333333333371,-1.3333333333333335,-2.0,5.333333333333334,3.0,-0.3333333333333333,0.0,2.0
37,Lazio,2021-09-19,N,1.3333333333333333,Cagliari,-0.6666666666666679,2.3333333333333335,-0.3333333333333333,0.0,152.0,133.33333333333337,-2.6666666666666665,4.333333333333336,-1.0,-1.3333333333333333,0.0,7.0,0.0
38,Empoli,2021-09-19,P,0.33333333333333337,Sampdoria,3.0000000000000018,1.6666666666666665,0.3333333333333333,0.3333333333333333,82.0,80.66666666666669,1.333333333333333,7.666666666666664,-5.0,-0.6666666666666665,0.0,1.0,7.0
39,Udinese,2021-09-20,P,0.0,Napoli,-2.666666666666666,0.33333333333333304,0.0,-0.3333333333333333,-190.99999999999994,-190.66666666666663,-1.666666666666667,-17.0,2.666666666666666,-0.33333333333333326,-0.3333333333333333,0.0,7.0
40,Atalanta,2021-09-21,V,0.0,Sassuolo,-2.5,-2.25,0.25,0.25,-22.5,5.5,-1.0,-0.5,2.5,1.75,0.0,7.0,0.0
41,Fiorentina,2021-09-21,P,-2.0,Inter,-4.75,-2.75,0.5,0.5,21.25,22.75,0.0,3.75,3.0,1.75,0.25,0.0,4.0
42,Bologna,2021-09-21,N,0.0,Genoa,2.75,0.5,-0.25,-0.25,41.75,60.75,2.0,11.5,-0.75,1.0,0.5,2.0,4.0
43,Spezia,2021-09-22,P,0.25,Juventus,0.75,-0.5,0.0,0.0,5.5,24.5,1.0,1.0,-2.5,0.0,0.25,0.0,8.0
44,Cagliari,2021-09-22,P,1.0,Empoli,-5.25,-0.75,0.25,0.25,-37.25,-46.0,-3.25,-7.75,2.75,0.75,0.25,6.0,1.0
45,Milan,2021-09-22,V,1.25,Venezia,4.5,0.25,0.25,0.5,83.0,81.25,2.75,9.0,-3.5,-3.75,0.0,8.0,0.0
46,Salernitana,2021-09-22,N,-1.0,Hellas Verona,-1.0,-1.0,0.0,0.0,-126.25,-108.0,-0.75,-14.75,-1.0,-0.25,0.0,0.0,6.0
47,Sampdoria,2021-09-23,P,-1.25,Napoli,-3.0,-2.75,-0.25,-0.5,-251.5,-224.75,0.25,-15.5,4.25,1.0,-0.25,1.0,7.0
48,Roma,2021-09-23,V,1.25,Udinese,5.5,0.75,-0.25,-0.25,73.75,86.0,2.25,11.25,-2.25,0.5,0.25,6.0,2.0
49,Torino,2021-09-23,N,-1.0,Lazio,-0.25,-2.75,-0.25,-0.5,-237.75,-224.25,0.0,-11.0,8.75,1.25,0.0,2.0,4.0
50,Inter,2021-09-25,N,2.4000000000000004,Atalanta,2.4000000000000004,3.6,-0.2,-0.2,-13.0,-38.00000000000006,0.7999999999999998,-2.8000000000000043,-0.8000000000000007,-0.7999999999999998,0.0,3.0,1.0
51,Spezia,2021-09-25,P,-0.6000000000000001,Milan,-3.1999999999999993,0.0,-0.2,-0.4,-105.39999999999998,-96.59999999999997,0.20000000000000018,-9.200000000000003,-1.1999999999999993,1.0,0.2,1.0,7.0
52,Genoa,2021-09-25,N,-0.20000000000000018,Hellas Verona,-0.1999999999999993,0.3999999999999999,0.2,0.2,2.8000000000000114,-6.600000000000023,-1.5999999999999996,-7.600000000000001,-1.6000000000000014,0.0,-0.2,5.0,1.0
53,Lazio,2021-09-26,V,0.0,Roma,-3.8000000000000007,0.5999999999999996,0.4,0.6,104.60000000000002,106.0,-1.8000000000000007,5.600000000000001,-3.0,-0.8,-0.4,2.0,3.0
54,Udinese,2021-09-26,P,-0.40000000000000013,Fiorentina,0.5999999999999996,-0.5999999999999996,-0.2,-0.2,-77.40000000000003,-81.80000000000001,-0.40000000000000036,-12.0,-2.8000000000000007,-1.6,-0.4,1.0,5.0
55,Juventus,2021-09-26,V,0.3999999999999999,Sampdoria,0.8000000000000007,1.0,0.0,0.0,51.799999999999955,27.200000000000045,0.0,2.6000000000000014,-1.0,-1.0,0.0,6.0,2.0
56,Napoli,2021-09-26,V,1.4,Cagliari,5.0,4.2,-0.2,0.0,191.80000000000007,169.59999999999997,1.2000000000000002,13.399999999999999,-3.1999999999999993,-1.1999999999999997,0.0,6.0,1.0
57,Sassuolo,2021-09-26,V,0.19999999999999996,Salernitana,4.200000000000001,2.4000000000000004,-0.2,-0.2,229.60000000000002,207.59999999999997,2.0,19.0,-2.4000000000000004,-1.2000000000000002,-0.2,8.0,0.0
58,Empoli,2021-09-26,V,-0.3999999999999999,Bologna,4.200000000000001,0.6000000000000001,0.0,0.0,-10.399999999999977,-5.800000000000011,1.3999999999999995,-0.7999999999999972,-1.6000000000000014,-1.6,-0.4,1.0,7.0
59,Venezia,2021-09-27,N,-1.0,Torino,-4.800000000000001,-1.2000000000000002,0.0,0.0,-4.599999999999966,-18.600000000000023,-2.1999999999999997,-6.600000000000001,-3.400000000000002,1.4000000000000004,0.0,0.0,8.0
60,Cagliari,2021-10-01,N,0.5000000000000001,Venezia,1.333333333333334,-0.16666666666666652,0.16666666666666666,0.16666666666666666,21.666666666666686,30.333333333333314,1.8333333333333335,2.1666666666666643,-1.5,-1.1666666666666665,0.16666666666666666,8.0,0.0
61,Sassuolo,2021-10-02,P,-2.3333333333333335,Inter,-1.3333333333333321,-2.166666666666666,0.0,-0.16666666666666666,43.333333333333314,47.833333333333314,0.0,4.833333333333336,-1.333333333333334,-0.4999999999999998,0.0,3.0,3.0
62,Torino,2021-10-02,P,-0.16666666666666674,Juventus,-0.6666666666666661,-1.0,-0.16666666666666666,-0.16666666666666666,-37.5,-19.5,-1.666666666666666,0.1666666666666643,4.5,1.0,0.16666666666666666,0.0,6.0
63,Salernitana,2021-10-02,V,-1.0,Genoa,0.8333333333333339,-1.0,-0.33333333333333337,-0.33333333333333337,-100.5,-82.5,1.5,-4.5,0.16666666666666785,-0.3333333333333335,0.16666666666666666,0.0,8.0
64,Atalanta,2021-10-03,P,-0.6666666666666667,Milan,-1.166666666666666,-0.16666666666666696,0.0,-0.16666666666666666,-45.0,-29.0,1.333333333333333,-3.5,0.3333333333333339,2.1666666666666665,0.0,3.0,2.0
65,Sampdoria,2021-10-03,N,0.16666666666666674,Udinese,0.6666666666666679,-0.6666666666666665,-0.16666666666666666,-0.16666666666666666,-33.33333333333337,-11.333333333333371,1.0,3.1666666666666643,2.166666666666668,0.9999999999999998,0.0,6.0,2.0
66,Hellas Verona,2021-10-03,V,0.5,Spezia,-1.666666666666666,0.16666666666666652,0.3333333333333333,0.3333333333333333,-4.5,4.333333333333314,-0.33333333333333304,4.333333333333336,3.166666666666666,0.8333333333333333,0.0,5.0,0.0
67,Roma,2021-10-03,V,0.8333333333333335,Empoli,1.0,0.666666666666667,-0.16666666666666666,-0.16666666666666666,67.66666666666669,53.33333333333337,0.833333333333333,2.5,1.3333333333333321,0.8333333333333335,0.3333333333333333,8.0,0.0
68,Bologna,2021-10-03,V,-1.0,Lazio,1.166666666666666,-1.4999999999999996,-0.16666666666666666,-0.16666666666666669,-112.16666666666669,-102.33333333333331,2.166666666666667,-2.1666666666666643,3.166666666666666,1.5000000000000002,0.3333333333333333,1.0,4.0
69,Fiorentina,2021-10-03,P,-1.1666666666666665,Napoli,-6.333333333333334,-2.5,0.16666666666666669,0.0,-116.0,-108.5,-1.666666666666667,-5.666666666666664,4.166666666666666,1.4999999999999998,0.16666666666666666,2.0,4.0
70,Lazio,2021-10-16,V,-1.0,Inter,-3.857142857142856,-1.0,0.14285714285714285,0.14285714285714285,127.5714285714285,131.57142857142856,-1.9999999999999996,7.428571428571431,-2.571428571428571,0.1428571428571428,0.14285714285714285,2.0,4.0
71,Spezia,2021-10-16,V,0.4285714285714285,Salernitana,1.2857142857142865,0.8571428571428568,-0.14285714285714285,-0.14285714285714285,108.42857142857144,88.42857142857144,-0.5714285714285721,6.5714285714285765,-2.8571428571428577,-0.8571428571428574,0.14285714285714285,2.0,0.0
72,Milan,2021-10-16,V,0.0,Hellas Verona,6.142857142857142,0.714285714285714,-0.14285714285714285,0.0,105.57142857142856,94.85714285714283,1.0,6.714285714285715,-2.142857142857144,-0.9999999999999998,-0.14285714285714285,5.0,1.0
73,Napoli,2021-10-17,V,1.2857142857142858,Torino,2.142857142857144,2.7142857142857144,0.2857142857142857,0.5714285714285714,192.14285714285717,168.14285714285717,1.2857142857142856,9.42857142857143,-9.285714285714286,-1.1428571428571428,0.0,4.0,0.0
74,Juventus,2021-10-17,V,-0.7142857142857142,Roma,-3.428571428571427,-0.4285714285714288,0.0,0.0,-64.85714285714283,-64.14285714285711,-0.7142857142857144,-4.714285714285715,2.0,-0.8571428571428572,-0.2857142857142857,4.0,2.0
75,Udinese,2021-10-17,N,-0.4285714285714284,Bologna,-0.5714285714285712,1.1428571428571423,0.0,-0.14285714285714285,-35.14285714285717,-48.85714285714283,-0.7142857142857144,-9.0,0.4285714285714288,-1.0,-0.2857142857142857,4.0,1.0
76,Cagliari,2021-10-17,V,-0.2857142857142858,Sampdoria,-1.5714285714285712,-1.1428571428571432,0.14285714285714285,0.14285714285714285,-5.0,-9.571428571428612,-1.2857142857142856,-4.285714285714292,-1.0,-0.4285714285714288,0.14285714285714285,2.0,3.0
77,Genoa,2021-10-17,N,0.4285714285714286,Sassuolo,-3.428571428571429,-1.7142857142857144,0.2857142857142857,0.2857142857142857,-110.42857142857144,-108.57142857142856,-1.8571428571428568,-12.428571428571423,2.857142857142856,0.8571428571428572,0.0,2.0,4.0
78,Empoli,2021-10-17,P,-0.1428571428571428,Atalanta,1.0,0.5714285714285712,0.0,0.0,-62.28571428571428,-67.42857142857144,-0.5714285714285721,-5.571428571428569,-0.8571428571428577,-0.7142857142857144,0.0,1.0,6.0
79,Venezia,2021-10-18,V,-0.7142857142857143,Fiorentina,-0.4285714285714288,-1.4285714285714288,-0.2857142857142857,-0.2857142857142857,-108.71428571428572,-104.71428571428572,-1.8571428571428568,-11.0,0.5714285714285694,0.7142857142857144,-0.2857142857142857,0.0,8.0
80,Sampdoria,2021-10-22,V,0.125,Spezia,0.625,-0.125,0.125,0.125,-4.875,4.125,0.75,2.0,2.375,1.0,-0.25,6.0,1.0
81,Torino,2021-10-22,V,-0.375,Genoa,1.875,0.25,-0.375,-0.375,14.625,24.25,0.125,5.875,6.125,0.25,0.125,6.0,0.0
82,Salernitana,2021-10-23,P,-0.5,Empoli,-4.625,-1.5,-0.125,-0.125,-109.0,-96.875,-1.0,-8.5,3.0,0.375,0.125,0.0,2.0
83,Sassuolo,2021-10-23,V,0.375,Venezia,4.875,2.375,0.0,0.0,107.0,104.5,2.125,12.375,-2.375,-1.375,0.0,8.0,0.0
84,Bologna,2021-10-23,P,-0.625,Milan,-0.75,0.5,-0.125,-0.125,-20.25,-18.125,1.25,-0.875,-0.375,2.25,0.25,0.0,7.0
85,Inter,2021-10-24,N,1.375,Juventus,2.125,1.25,0.125,0.25,14.375,15.25,0.375,0.625,-1.5,0.625,0.0,1.0,5.0
86,Roma,2021-10-24,N,-0.375,Napoli,1.75,-1.0,-0.125,-0.375,-61.25,-56.75,1.375,-3.5,3.25,1.125,0.125,2.0,5.0
87,Fiorentina,2021-10-24,V,-0.125,Cagliari,-0.375,1.25,0.125,0.125,135.375,124.5,0.5,12.75,0.625,0.75,0.25,2.0,3.0
88,Atalanta,2021-10-24,N,0.5,Udinese,3.125,-0.375,0.125,0.25,57.625,76.25,1.5,9.75,0.0,0.5,-0.125,6.0,1.0
89,Hellas Verona,2021-10-24,V,-0.125,Lazio,-3.625,-1.75,0.0,-0.125,-196.0,-182.625,-0.5,-8.75,4.25,0.25,-0.125,1.0,6.0
90,Milan,2021-10-26,V,1.1111111111111114,Torino,1.4444444444444429,0.5555555555555558,0.2222222222222222,0.3333333333333333,95.88888888888891,80.88888888888886,0.4444444444444442,5.444444444444443,-6.777777777777777,-1.4444444444444444,-0.1111111111111111,3.0,2.0
91,Spezia,2021-10-26,N,-0.33333333333333326,Genoa,0.8888888888888875,0.5555555555555554,-0.3333333333333333,-0.3333333333333333,62.666666666666686,64.88888888888886,1.5555555555555554,7.0,-3.2222222222222214,-1.222222222222222,0.2222222222222222,0.0,8.0
92,Venezia,2021-10-26,P,-0.11111111111111105,Salernitana,-1.8888888888888893,-0.5555555555555554,0.0,0.0,69.0,49.22222222222223,-2.0,1.0,0.33333333333333215,1.0,-0.1111111111111111,0.0,0.0
93,Udinese,2021-10-27,N,-1.1111111111111112,Hellas Verona,2.1111111111111107,0.33333333333333304,-0.2222222222222222,-0.2222222222222222,4.666666666666686,-12.777777777777771,0.7777777777777781,-5.666666666666671,-2.0,-0.33333333333333304,0.0,5.0,1.0
94,Cagliari,2021-10-27,P,-0.5555555555555554,Roma,-6.555555555555554,-1.8888888888888893,0.1111111111111111,0.0,-112.77777777777783,-100.77777777777777,-2.5555555555555554,-10.111111111111107,0.5555555555555554,-0.5555555555555558,-0.1111111111111111,1.0,5.0
95,Empoli,2021-10-27,P,-1.111111111111111,Inter,0.0,-1.1111111111111107,0.1111111111111111,0.0,-61.44444444444446,-51.0,-0.1111111111111116,-2.444444444444443,-1.666666666666666,-0.22222222222222188,0.0,0.0,8.0
96,Lazio,2021-10-27,V,0.6666666666666667,Fiorentina,0.7777777777777768,1.2222222222222223,-0.1111111111111111,0.0,38.00000000000006,42.22222222222217,-0.5555555555555554,-0.6666666666666643,-1.4444444444444446,-0.6666666666666665,-0.1111111111111111,5.0,1.0
97,Sampdoria,2021-10-27,P,-0.22222222222222232,Atalanta,-2.5555555555555554,-0.6666666666666665,-0.1111111111111111,-0.2222222222222222,-97.88888888888886,-94.88888888888886,-0.7777777777777777,-7.555555555555557,0.44444444444444287,0.11111111111111116,0.0,4.0,3.0
98,Juventus,2021-10-27,P,0.11111111111111116,Sassuolo,-0.7777777777777786,-0.8888888888888893,0.1111111111111111,0.1111111111111111,-63.22222222222223,-64.55555555555554,-0.22222222222222232,-7.222222222222221,2.7777777777777786,-0.11111111111111116,0.0,6.0,0.0
99,Napoli,2021-10-28,V,0.4444444444444444,Bologna,0.7777777777777768,0.8888888888888893,0.1111111111111111,0.33333333333333337,115.0,105.22222222222223,-0.7777777777777777,6.0,-2.333333333333332,-1.5555555555555558,-0.3333333333333333,5.0,2.0
100,Hellas Verona,2021-10-30,V,0.8000000000000003,Juventus,-4.100000000000001,-0.39999999999999947,0.2,0.2,-50.80000000000001,-36.0,-1.0,-0.19999999999999574,-1.0,0.6000000000000001,0.1,1.0,5.0
101,Torino,2021-10-30,V,-0.19999999999999996,Sampdoria,2.0999999999999996,0.40000000000000036,-0.1,-0.1,24.19999999999999,21.69999999999999,-1.0999999999999996,4.0,5.899999999999999,0.10000000000000009,0.1,2.0,3.0
102,Atalanta,2021-10-30,N,-0.19999999999999996,Lazio,2.9000000000000004,-0.9000000000000004,-0.09999999999999998,-0.10000000000000003,-70.69999999999999,-57.80000000000007,1.7000000000000002,0.0,1.5,0.30000000000000027,-0.2,4.0,1.0
103,Sassuolo,2021-10-31,P,0.0,Empoli,-0.5999999999999996,1.1999999999999997,-0.19999999999999998,-0.19999999999999998,115.39999999999998,106.09999999999997,-0.39999999999999947,9.600000000000001,0.0,0.19999999999999973,-0.1,7.0,1.0
104,Salernitana,2021-10-31,P,-1.2000000000000002,Napoli,-3.0,-1.9,-0.30000000000000004,-0.6,-244.29999999999995,-214.2,0.09999999999999964,-15.699999999999996,4.400000000000002,0.8,0.0,0.0,8.0
105,Genoa,2021-10-31,N,0.7,Venezia,2.5999999999999996,0.6000000000000001,0.30000000000000004,0.30000000000000004,-12.0,-4.0,0.7999999999999998,1.1000000000000014,-0.3999999999999986,-0.3999999999999999,-0.1,8.0,0.0
106,Inter,2021-10-31,V,1.4000000000000001,Udinese,2.8999999999999986,1.2999999999999998,0.1,0.19999999999999998,96.60000000000002,98.30000000000001,0.7999999999999998,10.0,0.40000000000000036,0.5,-0.1,5.0,1.0
107,Roma,2021-10-31,P,-0.4999999999999998,Milan,2.400000000000002,0.09999999999999964,-0.1,-0.09999999999999998,0.5,-4.600000000000023,2.8000000000000007,-1.5,0.1999999999999993,1.5000000000000002,0.2,2.0,4.0
108,Fiorentina,2021-10-31,V,0.10000000000000009,Spezia,-1.5,-0.19999999999999973,0.4,0.4,102.40000000000003,88.0,-0.39999999999999947,6.5,1.5,1.3,0.09999999999999998,7.0,0.0
109,Bologna,2021-11-01,V,0.30000000000000004,Cagliari,3.700000000000001,1.4000000000000004,-0.1,0.0,73.80000000000001,66.70000000000005,1.6000000000000005,8.200000000000003,-2.5999999999999996,0.5,0.30000000000000004,2.0,3.0
110,Empoli,2021-11-05,N,0.0,Genoa,1.299999999999999,0.6999999999999997,0.0,0.0,-2.5,-11.899999999999977,0.5,-0.7999999999999972,-2.799999999999999,-0.6999999999999997,0.1,0.0,8.0
111,Cagliari,2021-11-06,P,-0.8,Atalanta,-6.800000000000001,-1.6999999999999997,-0.1,-0.19999999999999998,-145.2,-151.39999999999998,-3.4,-15.199999999999996,-0.8999999999999986,0.0,0.2,4.0,4.0
112,Spezia,2021-11-06,V,-0.3999999999999999,Torino,-1.3999999999999986,0.0,0.0,0.0,5.800000000000011,1.0,1.4,-2.1000000000000014,-7.800000000000001,-1.3,0.1,1.0,6.0
113,Juventus,2021-11-06,V,-0.19999999999999996,Fiorentina,1.1000000000000014,0.20000000000000018,-0.3,-0.3,-65.19999999999999,-61.700000000000045,-0.7000000000000002,-5.899999999999999,2.1999999999999993,-1.3000000000000003,-0.2,5.0,1.0
114,Sampdoria,2021-11-07,P,0.0,Bologna,-1.8000000000000007,-0.6999999999999997,0.0,-0.1,-76.0,-54.200000000000045,-0.20000000000000018,-3.3999999999999986,1.700000000000001,0.20000000000000018,-0.1,2.0,6.0
115,Milan,2021-11-07,N,0.0,Inter,-0.6999999999999993,-1.4000000000000004,0.09999999999999998,0.10000000000000003,2.2000000000000455,2.1000000000000227,-1.2999999999999998,1.8999999999999986,-0.29999999999999893,-0.20000000000000018,0.1,1.0,6.0
116,Udinese,2021-11-07,V,-0.19999999999999996,Sassuolo,-1.0,-0.5,-0.1,-0.1,-128.09999999999997,-129.39999999999998,-0.10000000000000053,-14.300000000000004,0.1999999999999993,-0.3999999999999999,0.1,4.0,1.0
117,Venezia,2021-11-07,V,-0.8,Roma,-9.799999999999999,-1.9,0.0,-0.1,-113.10000000000002,-103.60000000000002,-3.7,-11.299999999999997,0.40000000000000036,-0.2999999999999998,0.0,0.0,8.0
118,Napoli,2021-11-07,N,-0.10000000000000009,Hellas Verona,6.5,1.5000000000000004,0.0,0.2,159.10000000000002,136.39999999999998,1.6999999999999997,8.899999999999999,-5.299999999999999,-0.8,0.1,6.0,1.0
119,Lazio,2021-11-07,V,1.0999999999999999,Salernitana,-0.20000000000000107,1.7999999999999998,0.2,0.3,203.0,187.10000000000002,-1.0,10.399999999999999,-1.5,0.3999999999999999,0.1,8.0,0.0
120,Atalanta,2021-11-20,V,1.0,Spezia,3.1999999999999993,0.9999999999999996,0.2,0.3,96.60000000000002,92.69999999999993,1.2000000000000002,5.700000000000003,0.6999999999999993,0.7,-0.1,7.0,0.0
121,Fiorentina,2021-11-20,V,-0.8,Milan,-1.799999999999999,-0.5,0.3,0.2,49.400000000000034,45.900000000000034,1.8000000000000003,1.4000000000000057,0.09999999999999964,0.9000000000000004,0.19999999999999998,2.0,4.0
122,Lazio,2021-11-20,P,0.20000000000000018,Juventus,-1.5999999999999996,0.7000000000000002,0.0,0.0,95.70000000000005,98.0,-0.10000000000000053,4.700000000000003,-3.0,0.8000000000000003,0.2,2.0,5.0
123,Inter,2021-11-21,V,0.20000000000000018,Napoli,-1.200000000000001,-0.10000000000000053,0.0,0.0,-91.89999999999998,-84.90000000000003,0.7999999999999998,-7.5,2.1999999999999993,0.5999999999999999,-0.1,4.0,1.0
124,Salernitana,2021-11-21,P,-0.7,Sampdoria,1.4000000000000004,0.0,-0.1,-0.1,-1.6999999999999886,-9.600000000000023,0.20000000000000018,-0.7000000000000028,1.5,-1.0,0.0,0.0,8.0
125,Bologna,2021-11-21,P,0.5,Venezia,4.600000000000001,1.5999999999999996,-0.1,0.0,108.39999999999998,99.80000000000001,1.5,9.300000000000004,-3.9999999999999982,-0.5,0.1,8.0,0.0
126,Sassuolo,2021-11-21,N,0.3999999999999999,Cagliari,3.5999999999999996,2.5,0.0,0.0,138.90000000000003,131.00000000000006,1.7999999999999998,14.799999999999997,0.8000000000000007,0.5,-0.2,2.0,0.0
127,Genoa,2021-11-21,P,0.20000000000000018,Roma,-5.299999999999999,-0.7000000000000002,0.4,0.3,-82.60000000000002,-60.89999999999998,-2.0999999999999996,-5.100000000000001,1.0,-0.19999999999999973,-0.1,0.0,5.0
128,Torino,2021-11-22,V,0.30000000000000004,Udinese,2.3999999999999986,-0.10000000000000009,0.0,0.0,82.0,100.5,-0.30000000000000027,14.100000000000001,5.199999999999999,0.5,-0.1,5.0,2.0
129,Hellas Verona,2021-11-22,V,0.6000000000000001,Empoli,-4.1,0.2999999999999998,-0.10000000000000003,-0.10000000000000003,36.69999999999999,40.89999999999998,-1.9000000000000004,4.299999999999997,3.8999999999999986,1.2000000000000002,0.1,6.0,2.0
130,Cagliari,2021-11-26,N,0.19999999999999996,Salernitana,-4.0,-1.0,0.1,0.1,-41.39999999999998,-50.39999999999998,-2.8000000000000003,-8.299999999999997,-1.6000000000000014,0.20000000000000018,0.1,8.0,0.0
131,Empoli,2021-11-27,V,0.10000000000000009,Fiorentina,-0.6000000000000014,-0.3999999999999999,0.0,0.0,-157.7,-144.30000000000007,-1.1999999999999993,-11.5,1.4000000000000004,-0.8999999999999999,-0.19999999999999998,1.0,7.0
132,Sampdoria,2021-11-27,V,-0.8999999999999999,Hellas Verona,-0.6999999999999993,-0.7999999999999998,-0.19999999999999998,-0.19999999999999998,-47.599999999999966,-40.099999999999966,1.8000000000000003,-4.5,-1.8000000000000007,0.20000000000000018,-0.1,6.0,1.0
133,Juventus,2021-11-27,P,-0.8999999999999999,Atalanta,-2.3999999999999986,-1.1,0.2,0.10000000000000003,-46.299999999999955,-52.10000000000002,-1.2000000000000002,-4.900000000000006,1.8999999999999986,-0.3999999999999999,0.0,2.0,1.0
134,Venezia,2021-11-27,P,-1.2999999999999998,Inter,-6.9,-1.9000000000000004,-0.2,-0.39999999999999997,-117.09999999999997,-108.59999999999997,-2.4000000000000004,-10.199999999999996,0.0,0.40000000000000036,0.1,0.0,8.0
135,Udinese,2021-11-28,N,-0.30000000000000004,Genoa,0.09999999999999964,0.6000000000000001,-0.5,-0.5,-7.899999999999977,-26.200000000000045,-0.1999999999999993,-5.899999999999999,-1.5,-0.7000000000000002,0.2,5.0,0.0
136,Roma,2021-11-28,V,0.2999999999999998,Torino,4.799999999999999,0.6000000000000001,0.1,0.2,34.5,16.599999999999966,3.8000000000000003,-0.09999999999999432,-4.100000000000001,0.3999999999999999,0.0,6.0,2.0
137,Spezia,2021-11-28,P,-0.30000000000000004,Bologna,-3.0999999999999996,-0.8999999999999999,-0.1,-0.2,-74.80000000000001,-57.5,-0.5999999999999996,-2.700000000000003,2.9000000000000004,-0.2999999999999998,-0.1,0.0,7.0
138,Napoli,2021-11-28,V,0.3999999999999999,Lazio,2.5999999999999996,0.0,0.09999999999999998,0.3,-5.900000000000034,-17.59999999999991,-0.5999999999999996,3.200000000000003,-0.1999999999999993,-0.8,-0.1,6.0,2.0
139,Milan,2021-11-28,P,0.7000000000000002,Sassuolo,1.1000000000000014,-0.10000000000000053,0.0,0.0,-28.599999999999966,-28.19999999999999,-0.8999999999999995,-1.1000000000000014,-1.0999999999999996,-0.40000000000000036,0.1,5.0,1.0
140,Atalanta,2021-11-30,V,1.5,Venezia,7.7,2.0,0.0,0.09999999999999998,130.8,136.7,2.2,13.100000000000001,0.7999999999999989,-0.10000000000000009,-0.1,8.0,0.0
141,Hellas Verona,2021-11-30,N,1.3000000000000003,Cagliari,1.8000000000000007,1.9,0.19999999999999998,0.19999999999999998,57.30000000000001,64.70000000000005,-0.6000000000000001,8.899999999999999,2.1999999999999993,0.3999999999999999,0.1,3.0,3.0
142,Fiorentina,2021-11-30,V,-0.10000000000000009,Sampdoria,2.4000000000000004,0.7000000000000002,0.19999999999999998,0.19999999999999998,134.39999999999998,107.69999999999999,0.7000000000000002,8.399999999999999,-2.5,-0.6999999999999997,0.19999999999999998,2.0,4.0
143,Salernitana,2021-11-30,P,-0.4999999999999999,Juventus,-1.4000000000000004,-0.20000000000000018,-0.4,-0.4,-101.09999999999997,-90.59999999999997,1.4000000000000004,-4.899999999999999,-2.200000000000001,-0.5000000000000002,0.1,0.0,8.0
144,Inter,2021-12-01,V,0.8999999999999999,Spezia,4.900000000000002,0.8999999999999999,0.5,0.7,77.30000000000001,65.00000000000006,1.2999999999999998,3.5999999999999943,-0.20000000000000107,0.09999999999999964,-0.1,7.0,0.0
145,Bologna,2021-12-01,V,0.19999999999999996,Roma,-2.9999999999999982,0.8000000000000003,0.1,0.09999999999999998,27.099999999999966,31.0,-0.20000000000000018,1.1999999999999957,-4.800000000000001,-1.1999999999999997,0.1,2.0,5.0
146,Sassuolo,2021-12-01,N,-0.19999999999999996,Napoli,-1.0,0.40000000000000036,-0.09999999999999998,-0.3,-66.89999999999998,-58.39999999999998,1.2999999999999998,-2.5,2.799999999999999,1.0,-0.1,1.0,4.0
147,Genoa,2021-12-01,P,-1.0000000000000002,Milan,-1.8000000000000007,-0.9000000000000004,0.2,0.2,-73.60000000000002,-54.5,0.5999999999999996,-5.5,2.1999999999999993,0.5,-0.2,1.0,5.0
148,Lazio,2021-12-02,N,0.3999999999999999,Udinese,-3.5,-0.5999999999999996,0.2,0.2,174.8,169.7,-1.4,10.299999999999997,-2.1999999999999993,0.3999999999999999,0.0,6.0,1.0
149,Torino,2021-12-02,N,-0.8,Empoli,1.1999999999999993,-0.40000000000000036,-0.3,-0.3,92.59999999999997,102.80000000000001,-0.20000000000000018,11.799999999999997,4.699999999999999,0.7000000000000002,0.0,7.0,1.0
150,Milan,2021-12-04,V,1.5999999999999999,Salernitana,3.0,1.1999999999999997,0.2,0.2,78.69999999999999,70.40000000000003,-1.7000000000000002,8.0,-0.20000000000000107,1.1,0.1,8.0,0.0
151,Napoli,2021-12-04,P,-0.8,Atalanta,-2.5,-1.1000000000000005,0.09999999999999998,0.2,44.599999999999966,29.899999999999977,-2.2,2.5999999999999943,-0.6999999999999993,-0.20000000000000018,0.1,4.0,3.0
152,Roma,2021-12-04,P,-0.6000000000000001,Inter,0.6000000000000014,-1.0999999999999996,-0.5,-0.6000000000000001,-44.10000000000002,-46.50000000000006,0.09999999999999964,-1.6000000000000014,0.9000000000000004,1.1999999999999997,0.0,0.0,2.0
153,Venezia,2021-12-05,P,-1.1,Hellas Verona,-4.3999999999999995,-1.4000000000000004,-0.09999999999999998,-0.09999999999999998,-64.19999999999999,-77.30000000000001,-0.6000000000000001,-10.800000000000004,-1.9000000000000004,-0.20000000000000018,-0.1,0.0,6.0
154,Spezia,2021-12-05,N,-1.0999999999999999,Sassuolo,-2.4000000000000004,-1.4,-0.2,-0.2,-84.10000000000002,-69.09999999999997,-0.1999999999999993,-6.900000000000006,-0.09999999999999964,-0.8999999999999999,0.1,1.0,7.0
155,Sampdoria,2021-12-05,P,-0.09999999999999987,Lazio,0.0,-0.5,0.0,0.0,-195.0,-166.20000000000005,0.8000000000000003,-7.600000000000001,1.5,0.5,-0.19999999999999998,1.0,6.0
156,Juventus,2021-12-05,V,0.30000000000000004,Genoa,0.6999999999999993,0.3999999999999999,0.10000000000000003,0.2,119.80000000000001,102.5,-1.1999999999999997,5.100000000000001,0.5999999999999979,-0.6999999999999997,0.0,6.0,1.0
157,Bologna,2021-12-05,P,-0.20000000000000018,Fiorentina,0.8000000000000007,0.2999999999999998,-0.19999999999999998,-0.09999999999999998,-32.39999999999998,-30.300000000000068,1.3999999999999995,-3.299999999999997,-1.0,-0.2999999999999998,0.0,0.0,3.0
158,Cagliari,2021-12-06,N,-0.20000000000000007,Torino,-3.5999999999999996,-0.5,0.1,0.1,-103.60000000000002,-113.30000000000001,-0.6000000000000001,-14.600000000000001,-4.299999999999999,-0.19999999999999973,-0.1,2.0,3.0
159,Empoli,2021-12-06,V,0.40000000000000013,Udinese,-1.0999999999999996,-0.7000000000000002,0.3,0.3,9.099999999999966,16.399999999999977,0.2999999999999998,4.099999999999994,-1.0000000000000018,-0.7999999999999998,-0.30000000000000004,1.0,7.0
160,Genoa,2021-12-10,P,-0.8,Sampdoria,-0.09999999999999964,-0.8000000000000003,0.1,0.1,24.600000000000023,14.399999999999977,-0.5,2.3000000000000043,0.09999999999999964,-0.7999999999999998,-0.1,1.0,3.0
161,Udinese,2021-12-11,N,-0.7999999999999998,Milan,-0.7000000000000011,0.20000000000000018,-0.2,-0.2,-136.0,-133.0,0.2999999999999998,-13.800000000000004,2.3999999999999986,0.3999999999999999,0.2,1.0,4.0
162,Venezia,2021-12-11,N,-0.09999999999999987,Juventus,-6.199999999999999,-0.7000000000000002,-0.19999999999999998,-0.30000000000000004,-169.79999999999995,-168.89999999999998,-0.6000000000000001,-13.800000000000004,-1.0999999999999996,0.3999999999999999,0.2,0.0,8.0
163,Fiorentina,2021-12-11,V,1.1,Salernitana,2.0,1.5000000000000004,0.3,0.3,138.20000000000005,127.5,-0.5999999999999996,11.600000000000001,-2.0,0.8999999999999999,0.1,8.0,0.0
164,Sassuolo,2021-12-12,V,0.30000000000000004,Lazio,3.799999999999999,1.2000000000000002,0.1,0.1,-45.599999999999966,-49.60000000000002,1.2000000000000002,3.6000000000000014,0.5999999999999996,0.10000000000000009,-0.4,2.0,4.0
165,Hellas Verona,2021-12-12,P,-0.6000000000000001,Atalanta,-3.4000000000000004,-0.7999999999999998,0.09999999999999998,0.0,-72.60000000000002,-65.39999999999998,-0.9000000000000004,-1.5,0.9000000000000004,0.7000000000000002,0.2,1.0,6.0
166,Torino,2021-12-12,V,-0.2999999999999998,Bologna,0.3000000000000007,-1.3000000000000003,-0.1,-0.1,-27.799999999999955,-8.0,-1.5,5.5,9.6,0.19999999999999973,-0.1,2.0,1.0
167,Inter,2021-12-12,V,0.8999999999999999,Cagliari,6.299999999999999,2.3,0.5,0.6,206.09999999999997,187.0,3.0999999999999996,13.299999999999997,-0.3000000000000007,-0.3999999999999999,-0.1,6.0,1.0
168,Napoli,2021-12-12,P,0.10000000000000009,Empoli,0.20000000000000107,-0.2999999999999998,0.0,0.2,155.5,138.19999999999993,-2.5,10.300000000000004,-0.6999999999999993,-0.2999999999999998,0.0,7.0,1.0
169,Roma,2021-12-13,V,0.09999999999999998,Spezia,6.0,-0.39999999999999947,0.0,0.1,43.5,27.5,1.5999999999999996,2.5,0.5999999999999996,0.8000000000000003,-0.1,7.0,0.0
170,Salernitana,2021-12-17,P,-1.5,Inter,-6.399999999999999,-3.1999999999999997,-0.5,-0.7,-222.00000000000006,-211.09999999999997,-1.4000000000000004,-16.700000000000003,0.5,-0.40000000000000013,0.1,0.0,8.0
171,Lazio,2021-12-17,V,1.0,Genoa,-1.0999999999999996,1.0999999999999996,-0.1,-0.1,154.3,131.3,-1.2000000000000002,3.5,-2.1999999999999993,0.0,0.3,5.0,2.0
172,Atalanta,2021-12-18,P,1.7000000000000002,Roma,-0.6999999999999993,1.5999999999999996,0.1,0.1,59.19999999999999,73.19999999999993,-1.7000000000000002,4.299999999999997,-0.1999999999999993,-1.4,-0.1,4.0,1.0
173,Bologna,2021-12-18,P,0.0,Juventus,-2.799999999999999,0.0,-0.09999999999999998,-0.2,-97.19999999999999,-97.30000000000001,1.1,-6.899999999999999,-4.6,0.19999999999999973,0.2,0.0,8.0
174,Cagliari,2021-12-18,P,-0.4,Udinese,-3.4000000000000004,-1.8999999999999995,0.1,0.1,-3.0,6.099999999999966,-1.5,1.7999999999999972,-2.900000000000002,-0.40000000000000036,-0.4,3.0,4.0
175,Spezia,2021-12-19,N,-0.9,Empoli,-2.5,-0.19999999999999973,-0.2,-0.2,29.69999999999999,28.399999999999977,-1.2000000000000002,0.7999999999999972,-0.5999999999999996,0.2999999999999998,-0.1,2.0,2.0
176,Torino,2021-12-19,V,-0.5,Hellas Verona,-0.5,-0.6000000000000001,-0.3,-0.3,-11.600000000000023,-14.300000000000011,-0.6999999999999997,0.20000000000000284,2.8000000000000007,-0.5,-0.1,2.0,1.0
177,Sampdoria,2021-12-19,N,0.3999999999999999,Venezia,3.5999999999999996,0.3999999999999999,-0.1,-0.1,-9.0,20.600000000000023,1.8999999999999995,3.5,1.0,0.8999999999999999,-0.1,8.0,0.0
178,Fiorentina,2021-12-19,N,0.0,Sassuolo,-0.5999999999999996,-0.09999999999999964,0.19999999999999998,0.19999999999999998,5.0,9.100000000000023,-0.40000000000000036,0.5,-2.6999999999999993,-0.5999999999999996,0.1,2.0,4.0
179,Milan,2021-12-19,P,0.5,Napoli,-0.5,0.10000000000000009,0.0,-0.09999999999999998,-53.0,-45.60000000000002,0.7000000000000002,-2.200000000000003,-0.3000000000000007,0.7,0.1,1.0,3.0
180,Genoa,2021-12-21,N,-1.7,Atalanta,-6.100000000000001,-2.7,0.1,0.1,-121.5,-115.20000000000005,-1.2999999999999998,-8.400000000000006,0.29999999999999893,0.8000000000000003,0.0,1.0,5.0
181,Juventus,2021-12-21,V,0.7000000000000001,Cagliari,6.299999999999999,2.5000000000000004,0.19999999999999998,0.30000000000000004,196.7,185.90000000000003,1.3000000000000003,14.0,1.799999999999999,-0.2999999999999998,-0.2,7.0,1.0
182,Empoli,2021-12-22,P,0.0,Milan,-0.3000000000000007,0.6000000000000005,0.1,0.1,-110.0,-101.00000000000006,0.7999999999999998,-6.899999999999999,0.8000000000000007,-0.2999999999999998,-0.1,0.0,7.0
183,Sassuolo,2021-12-22,P,1.0,Bologna,2.4000000000000004,1.2999999999999998,-0.1,-0.1,58.099999999999966,47.599999999999966,-0.09999999999999964,5.600000000000001,2.5999999999999996,1.0999999999999999,-0.1,3.0,3.0
184,Hellas Verona,2021-12-22,N,-0.6999999999999997,Fiorentina,-1.1000000000000014,-1.5,-0.09999999999999998,-0.09999999999999998,-92.19999999999999,-67.30000000000001,-0.20000000000000018,-3.799999999999997,3.799999999999999,0.6000000000000001,0.09999999999999998,2.0,4.0
185,Inter,2021-12-22,V,1.1,Torino,5.600000000000001,3.4,0.4,0.6,146.80000000000007,121.5,3.0999999999999996,4.300000000000004,-5.199999999999999,-0.6000000000000001,-0.1,4.0,2.0
186,Roma,2021-12-22,N,-0.10000000000000009,Sampdoria,4.0,-0.3999999999999999,0.0,0.0,77.39999999999998,41.5,1.7000000000000002,4.600000000000001,0.8000000000000007,-0.09999999999999964,0.0,4.0,2.0
187,Venezia,2021-12-22,P,-0.7,Lazio,0.0,-0.20000000000000018,0.1,0.1,-181.2,-178.59999999999997,-0.20000000000000018,-9.699999999999996,2.700000000000001,-0.10000000000000009,0.0,0.0,8.0
188,Napoli,2021-12-22,P,0.8,Spezia,5.600000000000001,0.19999999999999973,0.2,0.2,168.5,156.49999999999994,0.6000000000000001,13.200000000000003,0.40000000000000036,-0.8,0.1,7.0,1.0
189,Milan,2022-01-06,V,0.30000000000000004,Roma,-1.4000000000000004,-0.30000000000000027,0.1,0.1,41.30000000000001,45.39999999999998,-1.1999999999999993,4.899999999999999,-0.6999999999999993,-0.5999999999999996,0.1,5.0,2.0
190,Juventus,2022-01-06,N,-0.20000000000000018,Napoli,-1.299999999999999,0.7999999999999998,0.0,0.09999999999999998,-14.800000000000068,-8.199999999999932,-0.09999999999999964,-1.2000000000000028,-0.7000000000000011,0.0,-0.1,5.0,4.0
191,Sampdoria,2022-01-06,P,0.7999999999999999,Cagliari,2.5,1.9,-0.1,-0.1,11.199999999999989,29.19999999999999,1.4,1.8000000000000043,0.9000000000000004,0.8999999999999999,-0.1,3.0,3.0
192,Sassuolo,2022-01-06,N,1.3,Genoa,5.5,2.6999999999999997,-0.1,-0.1,106.80000000000001,81.80000000000001,1.0000000000000004,8.200000000000003,-0.6000000000000014,0.2999999999999998,0.1,4.0,2.0
193,Spezia,2022-01-06,P,-0.5,Hellas Verona,-4.0,-0.6000000000000001,-0.2,-0.2,-54.5,-75.0,-1.2000000000000002,-10.299999999999997,1.0,0.10000000000000009,-0.3,0.0,6.0
194,Lazio,2022-01-06,N,0.3999999999999999,Empoli,-5.9,-0.8000000000000003,-0.2,-0.2,143.3,127.80000000000007,-2.9000000000000004,1.1000000000000014,-3.3000000000000007,0.7,0.1,9.0,0.0
195,Roma,2022-01-09,P,0.0,Juventus,-1.5999999999999979,-0.8999999999999995,-0.2,-0.3,-123.90000000000003,-124.40000000000003,1.2999999999999998,-8.600000000000001,1.0999999999999996,1.2000000000000002,0.3,2.0,5.0
196,Udinese,2022-01-09,P,-0.6999999999999997,Atalanta,-2.799999999999999,-0.2999999999999998,-0.1,-0.1,-182.10000000000002,-196.60000000000002,-1.0,-16.6,2.1999999999999993,0.8,0.4,1.0,6.0
197,Napoli,2022-01-09,V,0.0,Sampdoria,5.199999999999999,0.0,0.0,0.0,187.40000000000003,155.40000000000003,0.7000000000000002,12.600000000000001,0.5999999999999996,-1.2,-0.1,8.0,1.0
198,Venezia,2022-01-09,P,-0.8999999999999999,Milan,-6.100000000000001,-0.5,-0.1,-0.19999999999999998,-106.60000000000002,-108.5,-2.2,-12.5,1.4000000000000004,0.2999999999999998,0.09999999999999998,0.0,9.0
199,Hellas Verona,2022-01-09,P,0.8999999999999999,Salernitana,4.1,1.0,0.1,0.1,44.30000000000001,66.80000000000001,-0.2999999999999998,10.0,2.0,1.4000000000000001,0.19999999999999998,6.0,0.0
200,Empoli,2022-01-09,P,0.19999999999999996,Sassuolo,-0.7000000000000011,-0.5,0.19999999999999998,0.19999999999999998,-130.7,-114.69999999999999,0.39999999999999947,-7.0,1.700000000000001,-0.6000000000000001,-0.1,2.0,7.0
201,Inter,2022-01-09,V,0.2999999999999998,Lazio,8.700000000000001,2.7,0.4,0.5,41.99999999999994,40.30000000000007,3.6999999999999997,8.300000000000004,0.5,-1.3,-0.2,4.0,3.0
202,Genoa,2022-01-09,P,-0.30000000000000004,Spezia,-0.9000000000000004,-0.7999999999999998,0.1,0.1,29.100000000000023,42.69999999999999,0.3999999999999999,2.9000000000000057,-1.799999999999999,-0.5999999999999996,-0.1,8.0,0.0
203,Torino,2022-01-10,V,-1.0,Fiorentina,-1.4000000000000004,-2.1,-0.2,-0.2,-65.70000000000005,-48.900000000000034,-0.8999999999999995,-1.2999999999999972,7.699999999999999,-0.30000000000000004,-0.1,1.0,5.0
204,Cagliari,2022-01-11,V,-0.5,Bologna,-0.6999999999999993,-1.1999999999999997,-0.1,-0.1,-94.80000000000001,-84.5,-1.8999999999999995,-6.5,2.5999999999999996,0.3999999999999999,0.2,3.0,3.0
205,Salernitana,2022-01-15,P,-1.6,Lazio,0.0,-1.1,0.1,0.0,-214.3,-207.60000000000002,1.0999999999999996,-13.700000000000003,0.3000000000000007,-1.3000000000000003,-0.1,0.0,9.0
206,Sampdoria,2022-01-15,P,-0.10000000000000009,Torino,0.20000000000000107,0.7000000000000002,0.0,0.0,-62.19999999999999,-55.200000000000045,-0.2999999999999998,-9.200000000000003,-2.5999999999999996,1.0999999999999999,0.0,3.0,3.0
207,Juventus,2022-01-15,V,0.0,Udinese,3.0,0.40000000000000036,0.2,0.3,188.10000000000002,178.89999999999998,0.2999999999999998,15.400000000000006,-1.700000000000001,-0.6000000000000001,-0.30000000000000004,7.0,1.0
208,Venezia,2022-01-16,N,-0.8,Empoli,-5.5,-1.1999999999999997,-0.1,-0.1,-45.19999999999999,-56.39999999999998,-3.0,-9.399999999999999,-0.09999999999999964,0.10000000000000009,0.19999999999999998,1.0,2.0
209,Atalanta,2022-01-16,N,0.10000000000000009,Inter,-1.6999999999999993,-1.0,-0.30000000000000004,-0.5,-69.39999999999998,-45.799999999999955,-1.3999999999999995,-4.099999999999994,2.299999999999999,0.5999999999999999,0.0,1.0,3.0
210,Roma,2022-01-16,V,0.7000000000000001,Cagliari,3.5,1.6000000000000005,-0.1,0.0,68.89999999999998,50.60000000000002,2.8,3.5,-0.3000000000000007,0.5,0.19999999999999998,6.0,1.0
211,Sassuolo,2022-01-16,P,0.8,Hellas Verona,0.5,1.7000000000000002,0.1,0.1,125.59999999999997,97.30000000000001,-0.7999999999999998,3.799999999999997,-1.0999999999999996,0.30000000000000027,-0.30000000000000004,7.0,1.0
212,Bologna,2022-01-17,P,-0.09999999999999987,Napoli,-6.0,-0.2999999999999998,0.2,0.2,-121.40000000000003,-108.29999999999995,-0.1999999999999993,-7.399999999999999,-2.6999999999999993,0.5,0.0,2.0,6.0
213,Fiorentina,2022-01-17,V,1.6,Genoa,7.0,3.6,0.1,0.1,118.80000000000001,106.80000000000007,1.5,13.5,-3.8000000000000007,-0.3999999999999999,0.2,2.0,1.0
214,Milan,2022-01-17,P,1.2000000000000002,Spezia,6.5,0.6000000000000005,0.2,0.3,150.40000000000003,147.39999999999998,1.9,15.0,-1.4000000000000004,-1.0999999999999999,0.0,8.0,1.0
215,Hellas Verona,2022-01-21,V,0.5,Bologna,5.0,0.09999999999999964,0.0,0.0,-15.300000000000011,-0.39999999999997726,1.5999999999999996,4.899999999999999,1.0,-0.10000000000000009,0.2,0.0,6.0
216,Lazio,2022-01-22,N,-0.2999999999999998,Atalanta,-6.6,-1.5999999999999996,-0.1,0.0,68.30000000000007,45.200000000000045,-1.8000000000000003,-0.5,-1.3999999999999986,1.0999999999999999,0.2,1.0,4.0
217,Inter,2022-01-22,V,1.1999999999999997,Venezia,8.100000000000001,2.8,0.30000000000000004,0.5,211.99999999999994,207.2,4.2,16.799999999999997,-2.1999999999999993,-0.9000000000000001,-0.3,9.0,0.0
218,Genoa,2022-01-22,N,-1.3,Udinese,-7.300000000000001,-3.5,0.0,0.0,17.19999999999999,26.0,-1.2999999999999998,1.1000000000000014,-2.200000000000001,-0.40000000000000036,-0.4,0.0,5.0
219,Spezia,2022-01-23,V,-0.3999999999999999,Sampdoria,-2.3000000000000007,0.0,0.0,0.0,-5.699999999999989,-23.0,0.2999999999999998,-2.6000000000000014,0.3999999999999986,0.6000000000000001,0.0,1.0,7.0
220,Torino,2022-01-23,N,-0.7000000000000002,Sassuolo,-4.199999999999999,-1.7000000000000002,-0.2,-0.2,-103.79999999999995,-81.59999999999997,-1.2999999999999998,-3.1999999999999957,5.600000000000001,-0.8,0.0,5.0,1.0
221,Cagliari,2022-01-23,N,-1.5999999999999999,Fiorentina,-2.6999999999999993,-2.6,0.0,-0.1,-169.3,-149.19999999999993,-1.3000000000000003,-13.400000000000006,4.6,1.0999999999999999,-0.1,3.0,3.0
222,Milan,2022-01-23,N,0.30000000000000004,Juventus,0.7000000000000028,-0.7000000000000002,0.0,0.10000000000000003,-49.700000000000045,-40.299999999999955,1.1999999999999993,0.0,-1.1000000000000014,-0.09999999999999987,0.0,2.0,6.0
223,Napoli,2022-01-23,V,1.2,Salernitana,8.400000000000002,2.5,-0.1,-0.1,268.1,269.09999999999997,1.1000000000000005,23.1,3.0999999999999996,0.19999999999999996,-0.1,9.0,0.0
224,Empoli,2022-01-23,P,0.19999999999999996,Roma,2.799999999999999,0.7999999999999998,0.1,0.0,-11.399999999999977,-5.5,0.2999999999999998,3.3999999999999986,1.3999999999999986,-0.5,-0.19999999999999998,0.0,9.0
225,Roma,2022-02-05,N,1.4,Genoa,5.799999999999999,3.1999999999999997,0.1,0.2,48.0,31.30000000000001,1.1000000000000005,3.5,-1.0,0.7000000000000002,0.19999999999999998,6.0,0.0
226,Inter,2022-02-05,P,0.5999999999999999,Milan,2.6000000000000014,2.9000000000000004,0.09999999999999998,0.0,118.39999999999998,109.79999999999995,0.7999999999999998,5.700000000000003,-1.5,-0.2999999999999998,-0.1,6.0,1.0
227,Fiorentina,2022-02-05,P,0.3999999999999999,Lazio,4.4,1.7000000000000002,0.1,0.19999999999999998,-46.700000000000045,-39.60000000000002,0.5999999999999996,5.399999999999999,-2.5,-1.0,0.0,1.0,6.0
228,Sampdoria,2022-02-06,V,-0.8,Sassuolo,-3.5,-2.2,-0.1,-0.1,-142.7,-118.69999999999999,-2.1000000000000005,-11.100000000000001,1.6999999999999993,-0.20000000000000018,0.1,1.0,5.0
229,Bologna,2022-02-06,N,-0.8,Empoli,-5.299999999999999,-1.6000000000000005,0.0,0.0,-20.0,-11.5,-0.7999999999999998,-3.8999999999999986,-3.1999999999999993,-0.10000000000000009,-0.1,7.0,2.0
230,Udinese,2022-02-06,V,0.10000000000000009,Torino,-1.0,-0.40000000000000036,0.0,0.0,-69.09999999999997,-81.09999999999997,-0.20000000000000018,-11.5,-1.6999999999999993,1.2,0.30000000000000004,2.0,6.0
231,Atalanta,2022-02-06,P,1.5000000000000002,Cagliari,4.1,2.5,0.1,0.0,135.5,128.3,1.5999999999999996,6.799999999999997,-1.299999999999999,-0.8999999999999999,-0.1,5.0,4.0
232,Venezia,2022-02-06,P,-0.7999999999999999,Napoli,-9.3,-2.3999999999999995,-0.2,-0.2,-255.7,-252.70000000000005,-4.3,-19.4,-0.1999999999999993,1.2,0.3,0.0,9.0
233,Juventus,2022-02-06,V,0.0,Hellas Verona,0.40000000000000036,0.7000000000000002,-0.2,-0.1,154.2,122.29999999999995,-2.4000000000000004,3.6999999999999957,0.09999999999999964,-0.10000000000000009,-0.1,5.0,2.0
234,Salernitana,2022-02-07,N,-0.5,Spezia,-1.9000000000000004,-1.6999999999999997,0.1,0.1,-33.0,-40.5,1.1,-6.199999999999996,-4.099999999999998,-1.2,0.0,0.0,3.0
235,Torino,2022-02-12,P,0.5,Venezia,3.5,1.6,0.0,0.0,37.900000000000034,54.80000000000001,1.9000000000000004,11.600000000000001,3.9999999999999982,-0.19999999999999973,-0.2,8.0,0.0
236,Lazio,2022-02-12,V,1.4,Bologna,0.6999999999999993,1.3000000000000003,-0.2,-0.1,175.5,158.39999999999998,0.7000000000000002,7.600000000000001,0.1999999999999993,0.10000000000000009,0.2,4.0,2.0
237,Napoli,2022-02-12,N,-0.7000000000000002,Inter,-0.7000000000000028,-2.0,0.0,-0.09999999999999998,0.39999999999997726,6.2000000000000455,0.1999999999999993,-0.3999999999999986,1.3000000000000007,-0.19999999999999996,0.0,1.0,5.0
238,Milan,2022-02-13,V,0.5999999999999999,Sampdoria,4.999999999999998,1.2000000000000002,0.1,0.30000000000000004,132.40000000000003,115.80000000000007,2.3999999999999995,11.699999999999996,-0.20000000000000107,-0.3999999999999999,-0.1,5.0,2.0
239,Atalanta,2022-02-13,N,0.0,Juventus,-1.5,-1.0,0.0,-0.1,-61.0,-38.89999999999998,0.6000000000000005,-3.8999999999999986,0.6999999999999993,0.19999999999999996,0.0,2.0,2.0
240,Genoa,2022-02-13,N,-0.3,Salernitana,-1.4000000000000004,-1.1,-0.1,-0.1,27.600000000000023,46.599999999999966,-0.5,4.899999999999999,4.0,0.40000000000000013,0.1,8.0,1.0
241,Hellas Verona,2022-02-13,V,0.0,Udinese,3.3999999999999986,-0.09999999999999964,0.1,0.1,73.09999999999997,92.30000000000001,2.2,12.100000000000001,-1.5,-0.7999999999999998,-0.09999999999999998,1.0,5.0
242,Sassuolo,2022-02-13,N,0.09999999999999987,Roma,2.3999999999999986,1.3999999999999995,0.0,-0.1,98.60000000000002,93.30000000000001,0.40000000000000036,8.5,-1.5,-0.5,-0.30000000000000004,1.0,4.0
243,Empoli,2022-02-13,N,0.8,Cagliari,6.399999999999999,2.5,0.2,0.1,85.19999999999999,68.19999999999999,2.3000000000000003,8.100000000000001,-1.0999999999999996,-0.30000000000000027,0.0,2.0,6.0
244,Spezia,2022-02-14,P,-1.0,Fiorentina,-4.9,-2.5,0.1,-0.09999999999999998,-200.39999999999998,-196.90000000000003,-1.1,-19.700000000000003,5.999999999999998,1.0999999999999999,-0.19999999999999998,0.0,8.0
245,Juventus,2022-02-18,N,0.30000000000000004,Torino,3.3999999999999986,1.2999999999999998,0.0,0.0,111.90000000000003,90.39999999999998,0.9000000000000004,0.7000000000000028,-3.799999999999999,-0.30000000000000027,-0.1,7.0,0.0
246,Roma,2022-02-19,N,-0.09999999999999987,Hellas Verona,-0.9000000000000004,0.8000000000000007,0.0,0.09999999999999998,27.700000000000045,3.1999999999999886,-1.0,-3.1999999999999957,-0.1999999999999993,0.8999999999999999,0.2,7.0,2.0
247,Salernitana,2022-02-19,N,-1.0,Milan,-8.3,-2.2,-0.1,-0.30000000000000004,-201.20000000000002,-204.99999999999994,-1.7000000000000002,-20.800000000000004,-1.3000000000000007,-0.10000000000000009,0.0,0.0,9.0
248,Sampdoria,2022-02-19,V,-0.30000000000000004,Empoli,-5.300000000000001,-2.2,-0.1,-0.1,-28.80000000000001,-13.599999999999966,-2.1,-3.8999999999999986,-1.5999999999999996,-0.5,0.1,8.0,1.0
249,Inter,2022-02-20,P,0.40000000000000013,Sassuolo,0.6000000000000014,0.8999999999999995,0.0,0.1,102.69999999999999,99.59999999999991,0.6000000000000005,4.799999999999997,0.3999999999999986,-1.2000000000000002,-0.2,4.0,3.0
250,Fiorentina,2022-02-20,V,0.40000000000000013,Atalanta,-1.0,0.40000000000000036,0.1,0.4,36.10000000000002,19.699999999999932,-1.0,7.699999999999996,-3.3999999999999986,0.19999999999999996,0.19999999999999998,2.0,4.0
251,Venezia,2022-02-20,N,0.6,Genoa,1.6999999999999993,1.3,0.0,0.0,29.0,10.699999999999989,-1.8000000000000003,-0.09999999999999432,-2.9999999999999982,0.10000000000000009,0.3,0.0,8.0
252,Udinese,2022-02-20,N,-0.8999999999999999,Lazio,2.1999999999999993,-0.5,0.0,-0.1,-235.80000000000007,-218.60000000000002,1.0,-12.100000000000001,1.5,0.10000000000000009,0.19999999999999998,1.0,6.0
253,Cagliari,2022-02-21,N,-0.4999999999999999,Napoli,-8.399999999999999,-2.4,-0.3,-0.19999999999999998,-272.70000000000005,-252.50000000000006,-3.8999999999999995,-16.199999999999996,3.4000000000000004,2.0,0.1,1.0,7.0
254,Bologna,2022-02-21,V,-0.29999999999999993,Spezia,-0.29999999999999893,0.3999999999999999,-0.1,-0.1,73.09999999999997,78.90000000000003,-0.7000000000000002,6.399999999999999,-4.6,-0.19999999999999973,-0.1,8.0,0.0
255,Genoa,2022-02-25,N,-1.4,Inter,-8.5,-4.4,0.0,-0.1,-283.79999999999995,-251.5,-1.1000000000000005,-17.799999999999997,5.5,0.8999999999999999,0.2,1.0,8.0
256,Milan,2022-02-25,N,0.19999999999999996,Udinese,3.0,0.6000000000000005,0.1,0.30000000000000004,130.89999999999998,126.40000000000003,0.7999999999999998,12.5,-1.3000000000000007,-0.30000000000000027,-0.19999999999999998,4.0,1.0
257,Sassuolo,2022-02-26,V,-0.30000000000000004,Fiorentina,2.3000000000000007,0.7000000000000002,0.0,-0.30000000000000004,-32.19999999999999,-34.700000000000045,0.7000000000000002,-6.0,1.0999999999999996,0.6000000000000001,-0.09999999999999998,4.0,2.0
258,Salernitana,2022-02-26,N,-0.19999999999999996,Bologna,-2.799999999999999,-0.8000000000000003,0.0,0.0,-113.80000000000001,-125.0,-0.2999999999999998,-13.299999999999997,0.3000000000000007,-0.3999999999999999,0.1,0.0,9.0
259,Empoli,2022-02-26,P,-0.40000000000000013,Juventus,0.6000000000000014,0.0,0.2,0.2,-63.5,-57.89999999999998,-1.0,-1.8999999999999986,0.0,0.7,0.0,1.0,8.0
260,Spezia,2022-02-27,P,-0.8999999999999999,Roma,-4.299999999999999,-2.3999999999999995,0.0,-0.09999999999999998,-100.80000000000001,-109.30000000000001,-1.7999999999999998,-10.5,2.900000000000002,-0.3999999999999999,-0.30000000000000004,0.0,8.0
261,Torino,2022-02-27,P,0.4,Cagliari,2.3000000000000007,1.2000000000000002,0.0,-0.1,61.299999999999955,64.39999999999998,2.0999999999999996,10.0,3.0,-0.7000000000000002,0.0,3.0,2.0
262,Lazio,2022-02-27,P,0.8,Napoli,-7.099999999999998,-0.7999999999999998,-0.19999999999999998,-0.09999999999999998,-37.59999999999991,-49.299999999999955,-1.7999999999999998,-6.199999999999996,-0.09999999999999964,1.4,0.0,2.0,7.0
263,Hellas Verona,2022-02-27,V,0.5999999999999999,Venezia,3.9000000000000004,0.8999999999999999,0.1,0.1,44.400000000000034,64.0,2.9000000000000004,8.799999999999997,0.0,-0.3999999999999999,-0.3,7.0,0.0
264,Atalanta,2022-02-28,V,0.09999999999999987,Sampdoria,4.9,1.5,-0.1,-0.1,119.89999999999998,119.70000000000005,3.3,7.899999999999999,1.700000000000001,0.0,-0.1,4.0,4.0
265,Inter,2022-03-04,V,0.7000000000000001,Salernitana,9.200000000000001,3.0,-0.1,0.0,280.8,283.29999999999995,3.3,24.0,-0.5,-0.7000000000000002,-0.1,9.0,0.0
266,Cagliari,2022-03-05,P,-1.0,Lazio,-0.9000000000000004,-1.5,-0.1,-0.1,-232.8,-198.2,-2.0,-9.100000000000001,4.600000000000001,0.6000000000000001,0.1,0.0,7.0
267,Udinese,2022-03-05,V,0.19999999999999996,Sampdoria,3.0999999999999996,1.6,0.0,0.0,-45.0,-47.89999999999998,2.4000000000000004,-2.799999999999997,3.0,0.5,-0.1,2.0,6.0
268,Roma,2022-03-05,V,0.3999999999999999,Atalanta,1.0999999999999996,0.5999999999999996,0.3,0.4,-73.10000000000002,-80.89999999999998,-0.39999999999999947,-2.5,-0.1999999999999993,1.0,0.19999999999999998,2.0,4.0
269,Venezia,2022-03-06,P,-0.7999999999999999,Sassuolo,-6.0,-2.9000000000000004,-0.1,-0.1,-139.5,-121.80000000000001,-2.0000000000000004,-12.199999999999996,0.6000000000000014,-0.20000000000000018,0.30000000000000004,0.0,9.0
270,Juventus,2022-03-06,V,0.7,Spezia,3.9000000000000004,1.9000000000000004,-0.2,-0.2,155.39999999999998,149.0,1.5,11.599999999999994,-3.8000000000000007,-1.5,-0.1,9.0,0.0
271,Bologna,2022-03-06,N,-0.4,Torino,-2.3000000000000007,-1.0,0.1,0.1,-12.5,-24.69999999999999,-1.4,-7.0,-4.799999999999999,0.3999999999999999,-0.1,1.0,3.0
272,Fiorentina,2022-03-06,N,-0.09999999999999987,Hellas Verona,0.8999999999999986,0.7000000000000002,-0.1,0.19999999999999998,123.70000000000005,98.79999999999995,-0.2999999999999998,8.700000000000003,-2.1999999999999993,0.0,0.2,4.0,2.0
273,Napoli,2022-03-06,P,-0.19999999999999996,Milan,1.4000000000000004,0.39999999999999947,0.09999999999999998,-0.10000000000000003,162.90000000000003,163.80000000000007,1.2999999999999998,6.599999999999994,-0.09999999999999964,-1.0999999999999999,-0.1,4.0,1.0
274,Genoa,2022-03-06,N,-0.9,Empoli,-6.5,-2.7,-0.2,-0.2,-116.19999999999999,-96.0,-0.9000000000000004,-10.399999999999999,2.5,-0.20000000000000018,0.1,8.0,0.0
275,Salernitana,2022-03-12,N,-0.9999999999999999,Sassuolo,-6.899999999999999,-2.6,-0.30000000000000004,-0.30000000000000004,-166.10000000000002,-165.40000000000003,-2.2,-16.1,-0.40000000000000036,-0.10000000000000009,0.0,0.0,9.0
276,Sampdoria,2022-03-12,P,-0.7,Juventus,-5.4,-2.0999999999999996,0.1,0.1,-91.0,-73.29999999999995,-2.8,-6.0,-0.7000000000000011,0.40000000000000013,0.1,2.0,7.0
277,Spezia,2022-03-12,V,-0.10000000000000009,Cagliari,-2.1999999999999993,-0.6000000000000001,0.2,0.1,-23.099999999999966,-46.5,-0.30000000000000027,-5.699999999999996,-0.5,-0.30000000000000027,0.2,1.0,6.0
278,Milan,2022-03-12,V,0.6000000000000001,Empoli,1.5999999999999996,1.4000000000000004,0.0,0.2,51.80000000000001,40.400000000000034,0.8000000000000007,4.199999999999996,-1.8999999999999986,0.19999999999999973,0.0,8.0,0.0
279,Hellas Verona,2022-03-13,P,0.6000000000000001,Napoli,-2.8999999999999986,-0.8000000000000007,-0.09999999999999998,-0.09999999999999998,-232.0,-208.70000000000005,-0.8999999999999995,-9.600000000000001,2.200000000000001,0.6000000000000001,0.1,1.0,6.0
280,Atalanta,2022-03-13,N,1.0,Genoa,4.0,2.3,0.0,0.0,238.4,221.39999999999998,0.7999999999999998,14.5,-2.8000000000000007,-0.19999999999999973,0.0,5.0,1.0
281,Udinese,2022-03-13,N,-0.30000000000000004,Roma,-3.9000000000000004,-1.3000000000000003,-0.19999999999999998,-0.30000000000000004,-102.59999999999997,-102.80000000000001,-0.8999999999999995,-10.199999999999996,1.0999999999999996,-0.40000000000000036,-0.30000000000000004,2.0,7.0
282,Torino,2022-03-13,N,-0.5999999999999999,Inter,-5.600000000000001,-1.8999999999999995,0.0,0.0,-153.99999999999994,-131.7,-1.5999999999999996,-4.5,5.6,0.6000000000000001,0.1,2.0,5.0
283,Fiorentina,2022-03-13,V,0.7,Bologna,3.200000000000001,1.3000000000000003,0.0,0.3,75.10000000000002,65.90000000000003,1.3999999999999995,8.5,-2.1999999999999993,-0.5999999999999999,0.4,4.0,0.0
284,Lazio,2022-03-14,V,1.2000000000000002,Venezia,1.700000000000001,2.1000000000000005,0.2,0.19999999999999998,240.20000000000005,220.39999999999998,1.5000000000000004,13.899999999999999,-0.6999999999999993,0.3999999999999999,-0.30000000000000004,9.0,0.0
285,Genoa,2022-03-18,V,-0.8,Torino,-2.299999999999999,-1.9000000000000004,0.0,0.0,-93.0,-82.69999999999999,-0.7999999999999998,-11.100000000000001,-0.5999999999999979,0.0,0.1,0.0,7.0
286,Sassuolo,2022-03-18,V,1.0,Spezia,7.000000000000002,2.4000000000000004,0.2,0.10000000000000003,159.10000000000002,146.80000000000007,2.4000000000000004,13.399999999999999,-3.5,-0.10000000000000009,0.0,7.0,1.0
287,Inter,2022-03-19,N,-0.09999999999999987,Fiorentina,4.499999999999998,1.5,0.0,-0.3,78.40000000000003,79.80000000000007,0.7000000000000002,1.5,1.4000000000000004,0.2999999999999998,-0.3,5.0,0.0
288,Napoli,2022-03-19,V,0.30000000000000004,Udinese,2.700000000000001,1.4000000000000004,0.19999999999999998,0.19999999999999998,273.7,264.49999999999994,0.8999999999999995,17.800000000000004,-3.0999999999999996,-1.5999999999999999,0.0,8.0,0.0
289,Cagliari,2022-03-19,P,-0.3999999999999999,Milan,-2.4000000000000004,-1.4999999999999996,-0.2,-0.30000000000000004,-110.30000000000001,-79.19999999999999,-1.3999999999999995,-6.800000000000004,4.299999999999999,0.5,-0.1,0.0,7.0
290,Venezia,2022-03-20,P,-0.19999999999999996,Sampdoria,1.0,0.5,-0.1,-0.1,-65.79999999999995,-67.40000000000003,1.2999999999999998,-5.899999999999999,0.5999999999999996,0.5999999999999999,0.2,0.0,8.0
291,Roma,2022-03-20,V,-0.2999999999999998,Lazio,3.4000000000000004,0.5,0.10000000000000003,0.09999999999999998,-151.50000000000006,-135.50000000000006,-0.5999999999999996,-3.5999999999999943,2.1000000000000014,0.7999999999999998,0.30000000000000004,3.0,3.0
292,Bologna,2022-03-20,P,-0.3999999999999999,Atalanta,-3.299999999999999,-0.9999999999999996,0.0,0.0,-140.60000000000002,-150.79999999999995,-1.0,-7.800000000000004,-0.40000000000000036,0.5,-0.1,1.0,6.0
293,Empoli,2022-03-20,N,-1.0,Hellas Verona,-1.0999999999999996,-0.6000000000000001,-0.1,-0.1,-9.300000000000011,-22.0,-1.2999999999999998,-4.5,0.40000000000000036,0.0,-0.19999999999999998,2.0,7.0
294,Juventus,2022-03-20,V,0.7,Salernitana,2.4000000000000004,0.7999999999999998,0.0,0.0,151.5,147.7,0.39999999999999947,10.299999999999997,0.5999999999999996,-0.30000000000000027,0.0,9.0,0.0
295,Spezia,2022-04-02,V,0.40000000000000013,Venezia,-0.09999999999999964,0.8000000000000003,0.2,0.19999999999999998,11.099999999999966,3.8000000000000114,-1.0,0.7000000000000028,2.4000000000000004,0.0,-0.30000000000000004,3.0,0.0
296,Salernitana,2022-04-02,P,0.0,Torino,-2.8000000000000007,-0.9000000000000004,0.1,0.1,-80.30000000000001,-102.40000000000003,-1.3000000000000003,-15.0,-5.599999999999998,-0.20000000000000018,0.0,0.0,9.0
297,Lazio,2022-04-02,V,-0.7999999999999998,Sassuolo,-5.0,-2.0999999999999996,-0.2,-0.2,144.10000000000002,144.5,-0.39999999999999947,4.900000000000006,-0.9000000000000004,0.10000000000000009,-0.1,4.0,3.0
298,Juventus,2022-04-03,P,0.5999999999999999,Inter,-5.899999999999999,-1.7999999999999998,0.1,0.1,-61.400000000000034,-70.80000000000007,-2.0999999999999996,-7.0,-0.3000000000000007,0.10000000000000009,0.1,5.0,1.0
299,Udinese,2022-04-03,V,0.09999999999999998,Cagliari,0.09999999999999964,0.6000000000000001,0.1,0.0,-11.799999999999955,-30.600000000000023,1.1000000000000005,-5.100000000000001,-2.3999999999999986,-0.10000000000000009,0.1,5.0,3.0
300,Fiorentina,2022-04-03,V,0.5999999999999999,Empoli,1.5,0.9000000000000004,0.0,0.3,74.69999999999999,62.200000000000045,0.7999999999999998,8.100000000000001,-2.700000000000001,-0.5999999999999999,0.19999999999999998,7.0,2.0
301,Sampdoria,2022-04-03,P,-0.7,Roma,-6.5,-2.4999999999999996,-0.30000000000000004,-0.3,-41.599999999999966,-42.60000000000002,-1.6999999999999997,-5.800000000000004,-1.1999999999999993,-1.3,-0.1,2.0,4.0
302,Atalanta,2022-04-03,P,-0.3999999999999999,Napoli,-2.1999999999999993,-1.5999999999999996,-0.3,-0.3,-119.10000000000002,-106.90000000000009,-2.3,-9.100000000000001,3.299999999999999,0.8999999999999999,0.2,4.0,4.0
303,Milan,2022-04-04,N,0.8,Bologna,4.800000000000001,2.4,0.1,0.2,77.5,62.0,2.0,5.699999999999996,-0.29999999999999893,0.0,0.0,8.0,0.0
304,Hellas Verona,2022-04-04,V,1.5999999999999999,Genoa,1.3000000000000007,1.8000000000000003,0.2,0.3,115.10000000000002,103.89999999999998,1.4000000000000004,11.0,-2.9999999999999982,0.10000000000000009,0.0,1.0,5.0
305,Empoli,2022-04-09,N,-0.40000000000000013,Spezia,1.700000000000001,0.3999999999999999,-0.2,-0.3,51.80000000000001,58.30000000000001,1.0,6.399999999999999,-0.9000000000000021,-0.20000000000000018,0.0,2.0,2.0
306,Cagliari,2022-04-09,P,-0.7,Juventus,-0.7999999999999989,-1.4,-0.1,0.0,-159.59999999999997,-127.59999999999997,-0.9000000000000004,-6.099999999999994,3.6999999999999993,1.1,0.0,1.0,8.0
307,Inter,2022-04-09,V,-0.7,Hellas Verona,5.199999999999999,1.6000000000000005,-0.1,-0.19999999999999998,141.10000000000002,120.5,1.7999999999999998,6.5,-0.6000000000000014,-0.6999999999999997,-0.2,8.0,0.0
308,Genoa,2022-04-10,P,-1.4,Lazio,-1.1999999999999993,-1.5,-0.3,-0.3,-339.99999999999994,-294.6,-1.2000000000000002,-16.5,5.6,0.2999999999999998,0.19999999999999998,2.0,6.0
309,Venezia,2022-04-10,P,-0.6000000000000001,Udinese,-3.299999999999999,-1.5,-0.1,0.0,-13.0,-9.899999999999977,-1.4000000000000004,-1.7000000000000028,-0.5999999999999996,-0.2999999999999998,0.19999999999999998,0.0,9.0
310,Sassuolo,2022-04-10,V,1.2,Atalanta,2.5,1.8000000000000003,0.4,0.4,-24.399999999999977,-47.60000000000002,0.8000000000000007,0.0,-2.5,0.10000000000000009,0.0,0.0,8.0
311,Torino,2022-04-10,N,-0.19999999999999996,Milan,-3.900000000000002,-1.2000000000000002,0.1,0.0,-33.5,-17.0,-0.7000000000000002,2.700000000000003,5.899999999999999,0.5,0.0,2.0,4.0
312,Napoli,2022-04-10,P,0.3999999999999999,Fiorentina,-1.3000000000000007,0.09999999999999964,0.4,0.10000000000000003,101.20000000000005,109.40000000000009,0.09999999999999964,1.5,-1.3999999999999986,0.09999999999999987,-0.3,5.0,2.0
313,Roma,2022-04-10,V,0.7000000000000001,Salernitana,3.5,1.0999999999999996,0.4,0.4,93.29999999999995,102.79999999999995,0.0,8.600000000000001,1.5,0.6000000000000001,0.0,9.0,0.0
314,Bologna,2022-04-11,V,-0.7000000000000001,Sampdoria,1.3000000000000007,0.20000000000000018,-0.1,-0.2,-14.600000000000023,-14.200000000000045,0.0,0.6000000000000014,-0.3999999999999986,0.7,0.0,7.0,2.0
315,Spezia,2022-04-15,P,-0.4999999999999999,Inter,-7.399999999999999,-3.1,0.1,0.19999999999999998,-173.10000000000002,-172.40000000000003,-3.3,-14.0,2.4999999999999982,0.09999999999999964,0.1,0.0,8.0
316,Milan,2022-04-15,V,0.5,Genoa,4.0,1.7999999999999998,0.0,0.0,145.7,108.60000000000002,1.0999999999999996,9.400000000000006,-3.6999999999999993,0.0,-0.19999999999999998,6.0,1.0
317,Sampdoria,2022-04-16,P,0.0,Salernitana,-2.0999999999999996,-1.0,0.1,0.2,83.5,91.69999999999999,-1.0999999999999996,5.100000000000001,-0.9000000000000004,-1.1,-0.1,9.0,0.0
318,Cagliari,2022-04-16,V,-1.1,Sassuolo,-4.4,-2.8,-0.4,-0.30000000000000004,-132.89999999999998,-94.19999999999999,-1.2999999999999998,-5.100000000000001,2.8999999999999986,0.3999999999999999,-0.1,0.0,2.0
319,Udinese,2022-04-16,V,0.9,Empoli,3.0,1.1000000000000005,0.2,0.2,-55.10000000000002,-56.299999999999955,1.9000000000000004,-4.5,0.5999999999999979,0.7999999999999998,0.0,7.0,2.0
320,Fiorentina,2022-04-16,V,0.5,Venezia,3.9000000000000004,1.8000000000000003,0.0,0.1,134.60000000000002,121.69999999999999,0.9000000000000004,13.699999999999996,-1.5,-1.2,0.0,8.0,1.0
321,Lazio,2022-04-16,N,1.2000000000000002,Torino,-0.29999999999999893,1.2999999999999998,0.19999999999999998,0.19999999999999998,186.59999999999997,167.39999999999998,0.2999999999999998,2.6999999999999957,-8.499999999999998,-0.7000000000000002,0.0,4.0,2.0
322,Juventus,2022-04-16,N,0.9,Bologna,2.0,1.6999999999999997,0.1,0.1,73.09999999999997,57.400000000000034,0.5999999999999996,1.5,-0.5999999999999996,-0.3999999999999999,0.0,9.0,0.0
323,Napoli,2022-04-18,N,0.19999999999999996,Roma,-0.9000000000000004,0.5999999999999996,0.10000000000000003,0.10000000000000003,120.5,117.90000000000003,0.0,4.600000000000001,-3.5,-1.6999999999999997,-0.2,5.0,2.0
324,Atalanta,2022-04-18,P,-0.6,Hellas Verona,3.4000000000000004,-0.5,-0.1,-0.2,97.0,86.99999999999994,1.0999999999999996,1.2000000000000028,0.8999999999999986,-0.2999999999999998,0.0,7.0,1.0
325,Udinese,2022-04-20,P,0.7999999999999998,Salernitana,3.5,1.1000000000000005,0.2,0.2,-22.0,-18.400000000000034,1.4000000000000004,-2.299999999999997,0.5999999999999979,-0.7999999999999998,0.0,8.0,0.0
326,Venezia,2022-04-23,P,-0.4,Atalanta,-4.299999999999999,-0.8999999999999999,0.0,0.1,-184.89999999999998,-191.29999999999995,-1.6000000000000005,-13.0,0.9000000000000004,0.7999999999999998,0.09999999999999998,0.0,9.0
327,Inter,2022-04-23,V,0.10000000000000009,Roma,2.900000000000002,0.9000000000000004,-0.19999999999999998,-0.19999999999999998,39.5,36.599999999999966,1.2999999999999998,1.4000000000000057,-0.3000000000000007,-1.4,-0.3,3.0,0.0
328,Hellas Verona,2022-04-23,N,0.3999999999999999,Sampdoria,2.200000000000001,1.1,0.0,0.0,-46.0,-33.799999999999955,-0.19999999999999973,0.30000000000000426,-0.8000000000000007,0.9000000000000001,0.2,1.0,7.0
329,Torino,2022-04-23,V,-0.30000000000000004,Spezia,1.5,0.10000000000000009,-0.1,-0.19999999999999998,88.89999999999998,93.10000000000002,1.5,13.299999999999997,2.400000000000002,0.30000000000000027,0.0,6.0,2.0
330,Salernitana,2022-04-24,V,-0.19999999999999996,Fiorentina,-3.5,-1.2000000000000002,0.0,-0.1,-128.8,-125.89999999999998,-0.7999999999999998,-11.399999999999999,2.1999999999999993,1.7000000000000002,-0.1,0.0,9.0
331,Bologna,2022-04-24,N,-1.1,Udinese,-4.0,-2.1,-0.1,-0.1,74.19999999999999,77.80000000000001,-1.7000000000000002,6.400000000000006,-3.599999999999998,-0.20000000000000018,0.19999999999999998,1.0,4.0
332,Lazio,2022-04-24,P,0.7999999999999998,Milan,-3.299999999999999,-0.1999999999999993,0.3,0.3,115.89999999999998,109.39999999999998,0.2999999999999998,1.3000000000000043,-0.9000000000000004,0.0,0.0,3.0,5.0
333,Empoli,2022-04-24,V,-1.1,Napoli,-1.5999999999999996,-1.5000000000000004,-0.19999999999999998,-0.19999999999999998,-134.60000000000002,-126.00000000000006,-0.20000000000000018,-5.5,2.1999999999999993,0.2999999999999998,0.1,2.0,7.0
334,Genoa,2022-04-24,V,-0.5,Cagliari,0.0,-0.2999999999999998,0.0,0.0,-32.5,-26.400000000000034,-0.20000000000000018,-2.700000000000003,0.0,-0.7000000000000002,0.1,6.0,2.0
335,Sassuolo,2022-04-25,P,0.2999999999999998,Juventus,1.1999999999999993,0.7000000000000002,0.30000000000000004,0.30000000000000004,5.400000000000034,-0.3000000000000682,0.39999999999999947,0.8999999999999986,1.5,0.4999999999999998,0.1,1.0,6.0
336,Bologna,2022-04-27,V,-0.8999999999999999,Inter,-5.800000000000001,-2.8,-0.1,-0.1,-90.0,-89.5,-2.3,-4.800000000000004,0.0,0.5,0.3,2.0,6.0
337,Atalanta,2022-04-27,N,0.3999999999999999,Torino,3.0,0.10000000000000009,-0.2,-0.2,82.0,90.0,0.6999999999999993,0.19999999999999574,-2.5999999999999996,0.19999999999999973,0.1,4.0,2.0
338,Fiorentina,2022-04-27,P,-0.5999999999999999,Udinese,0.0,-0.20000000000000018,-0.1,0.0,141.10000000000002,142.00000000000006,-0.6000000000000005,14.799999999999997,-5.699999999999999,-1.0000000000000002,0.0,6.0,1.0
339,Napoli,2022-04-30,V,-0.3999999999999999,Sassuolo,-3.1999999999999993,-1.5,-0.10000000000000003,-0.10000000000000003,-1.6000000000000227,13.799999999999955,-0.20000000000000018,1.0,-0.5,-0.3999999999999999,-0.3,4.0,1.0
340,Cagliari,2022-04-30,P,-0.9000000000000001,Hellas Verona,1.3999999999999986,-0.7999999999999998,-0.1,-0.2,-68.69999999999999,-53.10000000000002,0.8999999999999999,-4.100000000000001,2.799999999999999,-0.20000000000000018,-0.1,3.0,3.0
341,Spezia,2022-04-30,P,-0.8999999999999999,Lazio,-2.200000000000001,-1.3000000000000003,-0.19999999999999998,-0.09999999999999998,-226.39999999999998,-214.0,-1.8999999999999995,-14.099999999999994,4.5,0.30000000000000027,0.0,0.0,9.0
342,Sampdoria,2022-04-30,V,0.30000000000000004,Genoa,-4.1,-0.6000000000000001,0.0,0.2,133.59999999999997,105.69999999999999,0.20000000000000018,5.800000000000004,-2.0,-0.30000000000000004,-0.1,4.0,1.0
343,Roma,2022-05-01,N,0.5,Bologna,2.200000000000001,1.5,0.3,0.3,58.5,55.69999999999993,1.1999999999999997,3.0,2.1000000000000014,0.9000000000000004,-0.09999999999999998,5.0,3.0
344,Milan,2022-05-01,V,0.0,Fiorentina,2.3999999999999986,0.5999999999999996,0.0,0.0,-36.80000000000001,-32.80000000000007,0.09999999999999964,-4.299999999999997,-0.9000000000000004,0.20000000000000018,-0.1,4.0,3.0
345,Juventus,2022-05-01,V,0.9000000000000001,Venezia,4.1,2.1,0.1,0.0,150.90000000000003,132.8,0.8000000000000003,8.800000000000004,-4.200000000000001,-0.8999999999999999,-0.1,8.0,0.0
346,Empoli,2022-05-01,P,-0.30000000000000004,Torino,-0.40000000000000036,-0.2999999999999998,-0.30000000000000004,-0.30000000000000004,-37.5,-31.899999999999977,0.40000000000000036,-3.6000000000000014,-2.1999999999999993,0.09999999999999964,0.1,1.0,7.0
347,Udinese,2022-05-01,P,0.5000000000000002,Inter,-3.3000000000000007,-0.7000000000000002,0.0,0.0,-184.89999999999998,-192.5,-1.2999999999999998,-14.0,5.699999999999999,0.6999999999999997,0.1,1.0,6.0
348,Atalanta,2022-05-02,N,0.3999999999999999,Salernitana,3.5999999999999996,0.10000000000000009,0.2,0.2,162.3,183.60000000000002,1.5999999999999996,11.899999999999999,-1.5,-1.1,0.0,9.0,0.0
349,Salernitana,2022-05-05,V,0.4,Venezia,0.6999999999999993,1.2999999999999998,0.0,-0.1,-6.099999999999966,-18.299999999999955,0.6000000000000001,-1.5,-0.3999999999999986,0.7000000000000002,0.0,1.0,0.0
350,Genoa,2022-05-06,V,-1.2999999999999998,Juventus,-3.1999999999999993,-1.6,-0.1,0.0,-157.90000000000003,-109.0,-1.7000000000000002,-6.199999999999996,4.400000000000002,0.0,0.0,1.0,7.0
351,Inter,2022-05-06,V,1.0999999999999999,Empoli,6.300000000000001,2.9000000000000004,0.0,0.1,117.60000000000002,112.69999999999999,2.3999999999999995,7.0,-1.5,-0.5,-0.3,9.0,0.0
352,Torino,2022-05-07,P,-0.8,Napoli,-1.5,-1.2000000000000002,0.39999999999999997,0.39999999999999997,-78.39999999999998,-73.89999999999998,-0.7000000000000002,-0.6999999999999957,2.9999999999999982,0.40000000000000013,0.0,0.0,5.0
353,Lazio,2022-05-07,V,0.9,Sampdoria,4.300000000000001,2.2,0.3,0.09999999999999998,129.5,115.29999999999995,1.9999999999999996,6.700000000000003,-3.799999999999999,-0.19999999999999996,0.1,7.0,1.0
354,Sassuolo,2022-05-07,N,-0.30000000000000027,Udinese,0.6000000000000014,0.1999999999999993,0.30000000000000004,0.30000000000000004,167.7,156.09999999999997,-0.8999999999999995,9.700000000000003,-5.300000000000001,-0.3999999999999999,0.1,1.0,5.0
355,Venezia,2022-05-08,V,-0.20000000000000007,Bologna,0.7000000000000011,0.0,0.0,0.1,-49.799999999999955,-50.0,0.40000000000000036,-5.100000000000001,2.8000000000000007,1.0,-0.09999999999999998,1.0,8.0
356,Salernitana,2022-05-08,N,0.40000000000000013,Cagliari,-0.09999999999999964,0.7999999999999998,0.1,0.1,-6.5,-45.60000000000002,0.7999999999999998,-6.199999999999996,-1.9999999999999982,1.1,0.0,0.0,8.0
357,Hellas Verona,2022-05-08,P,0.2999999999999998,Milan,-5.5,-1.2999999999999998,0.1,0.2,-54.89999999999998,-40.0,-2.5999999999999996,-4.100000000000001,1.9000000000000004,0.8000000000000003,0.2,1.0,6.0
358,Spezia,2022-05-08,P,-0.6000000000000001,Atalanta,-6.600000000000001,-0.7000000000000002,-0.1,0.0,-177.70000000000005,-184.70000000000005,-3.3999999999999995,-14.100000000000001,1.5,0.09999999999999964,0.0,0.0,8.0
359,Fiorentina,2022-05-09,V,-0.30000000000000004,Roma,1.5999999999999996,0.6000000000000005,-0.2,-0.2,30.600000000000023,28.899999999999977,-0.09999999999999964,6.700000000000003,-1.5,-1.0,-0.1,1.0,6.0
360,Hellas Verona,2022-05-14,P,0.10000000000000009,Torino,0.9000000000000004,0.7999999999999998,-0.5,-0.39999999999999997,-28.5,-13.199999999999989,-0.9000000000000004,-1.3999999999999986,-1.0999999999999996,0.5,0.2,1.0,3.0
361,Udinese,2022-05-14,P,1.1,Spezia,4.9,2.3,0.0,-0.1,13.300000000000011,-2.8999999999999773,1.8999999999999995,2.3000000000000043,3.599999999999998,-0.10000000000000009,0.0,8.0,1.0
362,Roma,2022-05-14,N,0.20000000000000007,Venezia,2.3000000000000007,0.9999999999999996,0.1,-0.09999999999999998,100.5,96.70000000000005,2.1,6.600000000000001,-1.8000000000000007,-0.6000000000000001,0.0,8.0,1.0
363,Empoli,2022-05-14,N,-0.19999999999999996,Salernitana,-1.8000000000000007,-0.7999999999999998,-0.1,-0.1,47.89999999999998,52.19999999999999,-0.40000000000000036,4.700000000000003,-0.8000000000000007,-1.5,0.09999999999999998,3.0,0.0
364,Bologna,2022-05-15,P,-0.8,Sassuolo,-4.800000000000001,-2.1999999999999997,-0.4,-0.4,-98.09999999999997,-80.09999999999997,-1.2000000000000002,-3.0999999999999943,-0.40000000000000036,0.19999999999999973,0.09999999999999998,4.0,3.0
365,Napoli,2022-05-15,V,1.6,Genoa,1.0999999999999996,1.3999999999999995,0.1,0.09999999999999998,186.2,148.39999999999998,1.3000000000000003,10.200000000000003,-3.5999999999999996,0.0,-0.1,6.0,1.0
366,Cagliari,2022-05-15,P,-1.5999999999999999,Inter,-7.100000000000001,-3.6,-0.1,-0.2,-168.39999999999998,-135.3,-3.3,-7.200000000000003,3.6999999999999993,0.3999999999999999,0.2,1.0,7.0
367,Milan,2022-05-15,V,-0.30000000000000004,Atalanta,1.4000000000000004,1.7000000000000002,-0.2,-0.2,-67.90000000000003,-81.70000000000005,-0.8999999999999995,-2.6000000000000014,-1.5,-0.7999999999999998,-0.1,3.0,3.0
368,Juventus,2022-05-16,N,-0.19999999999999996,Lazio,1.5999999999999996,-0.9000000000000004,-0.19999999999999998,-0.19999999999999998,-95.0,-102.0,-0.7999999999999998,-5.200000000000003,1.0,0.40000000000000013,0.0,6.0,2.0
369,Sampdoria,2022-05-16,V,-0.40000000000000013,Fiorentina,-5.9,-2.5000000000000004,-0.1,0.1,-58.30000000000001,-44.10000000000002,-1.9000000000000004,-9.199999999999996,0.40000000000000036,-0.40000000000000013,0.0,4.0,3.0
370,Torino,2022-05-20,P,0.19999999999999996,Roma,-4.1,-1.6000000000000005,0.5,0.5,-25.0,-22.80000000000001,-3.0000000000000004,1.0,2.200000000000001,-0.6000000000000001,-0.2,2.0,7.0
371,Fiorentina,2022-05-21,V,-0.5,Juventus,0.5999999999999996,0.40000000000000036,0.1,0.1,37.39999999999998,47.60000000000002,1.4,9.700000000000003,-0.1999999999999993,0.0,-0.1,1.0,6.0
372,Genoa,2022-05-21,P,-0.6000000000000001,Bologna,1.299999999999999,0.0,0.0,0.1,-105.19999999999999,-76.5,-0.2999999999999998,-7.0,5.399999999999999,-0.20000000000000018,-0.19999999999999998,4.0,2.0
373,Lazio,2022-05-21,N,1.0,Hellas Verona,2.9000000000000004,2.2,0.19999999999999998,0.09999999999999998,202.79999999999995,187.59999999999997,2.5999999999999996,9.200000000000003,-4.399999999999999,-1.3,-0.1,6.0,2.0
374,Atalanta,2022-05-21,P,0.6,Empoli,6.000000000000002,0.10000000000000009,0.1,0.1,135.2,148.69999999999993,2.8000000000000007,9.800000000000004,-0.8000000000000007,-0.10000000000000009,-0.3,7.0,1.0
375,Salernitana,2022-05-22,P,-1.1,Udinese,-1.9000000000000004,-1.5,0.1,0.19999999999999998,-41.5,-34.69999999999999,0.09999999999999964,-2.8999999999999986,-3.5999999999999996,1.6,0.1,1.0,8.0
376,Sassuolo,2022-05-22,P,0.5999999999999999,Milan,-1.8000000000000007,0.0,0.4,0.4,89.69999999999999,73.39999999999998,-0.09999999999999964,2.1999999999999957,0.7000000000000011,0.5000000000000002,0.2,2.0,5.0
377,Spezia,2022-05-22,P,-0.9000000000000001,Napoli,-3.9000000000000004,-1.1,-0.19999999999999998,-0.10000000000000003,-170.79999999999995,-155.7,-1.2999999999999998,-14.599999999999994,2.5999999999999996,0.30000000000000004,0.0,2.0,7.0
378,Inter,2022-05-22,V,1.0,Sampdoria,8.6,3.2,0.1,0.0,80.39999999999998,70.70000000000005,3.1999999999999997,5.799999999999997,-1.5999999999999996,0.30000000000000004,-0.1,7.0,1.0
379,Venezia,2022-05-22,N,0.30000000000000004,Cagliari,-1.4000000000000004,0.2999999999999998,0.1,0.2,0.6999999999999886,-25.0,-0.8999999999999999,-3.799999999999997,0.0,1.4,0.09999999999999998,0.0,8.0
